-- phpMyAdmin SQL Dump
-- version 5.2.0
-- https://www.phpmyadmin.net/
--
-- Host: 127.0.0.1
-- Generation Time: Nov 20, 2022 at 11:30 AM
-- Server version: 10.4.25-MariaDB
-- PHP Version: 7.4.30

SET SQL_MODE = "NO_AUTO_VALUE_ON_ZERO";
START TRANSACTION;
SET time_zone = "+00:00";


/*!40101 SET @OLD_CHARACTER_SET_CLIENT=@@CHARACTER_SET_CLIENT */;
/*!40101 SET @OLD_CHARACTER_SET_RESULTS=@@CHARACTER_SET_RESULTS */;
/*!40101 SET @OLD_COLLATION_CONNECTION=@@COLLATION_CONNECTION */;
/*!40101 SET NAMES utf8mb4 */;

--
-- Database: `converse`
--

-- --------------------------------------------------------

--
-- Table structure for table `ci_sessions`
--

CREATE TABLE `ci_sessions` (
  `id` varchar(128) NOT NULL,
  `ip_address` varchar(45) NOT NULL,
  `timestamp` int(10) UNSIGNED NOT NULL DEFAULT 0,
  `data` blob NOT NULL
) ENGINE=InnoDB DEFAULT CHARSET=utf8mb4;

--
-- Dumping data for table `ci_sessions`
--

INSERT INTO `ci_sessions` (`id`, `ip_address`, `timestamp`, `data`) VALUES
('nh2h85rl0sug37e8dtcfgqrc4d7o9c27', '::1', 1619971464, 0x5f5f63695f6c6173745f726567656e65726174657c693a313631393937313436343b),
('p1r5m6ad0gho44noleiu3vf40sq4qbk7', '::1', 1619973639, 0x5f5f63695f6c6173745f726567656e65726174657c693a313631393937333633393b),
('glb8ltfrvc6r0uoa4ivpihqs526o8v3p', '::1', 1619974000, 0x5f5f63695f6c6173745f726567656e65726174657c693a313631393937343030303b7265646972656374696f6e7c4e3b),
('60pa6bnm27hl15arm4qfdnsrj216sac1', '::1', 1619974607, 0x5f5f63695f6c6173745f726567656e65726174657c693a313631393937343630373b7265646972656374696f6e7c4e3b5f5f4143544956455f53455353494f4e5f444154417c733a3235363a2262643634333163646339353634393364663062346535643131663436343638333237666630393330373062626637303634616266323434383334656332383433653831313035333438623631306435306131333663333465373161346163346135633531373031626639383465613730623966353436646236326634313432354e577a71446f3946392f72545037444a4b4733506e4a4e713174544e7157714f6c64544649334c6e4454675545444f504976775933714d4e337670777a556758714e645a66715a44576e722f6b414679506b652b69744670384635655448476c512b4777644f776f714b39335a4e3175364334506f363847445a545162766d33223b),
('6jj4htoa08uds4ipl88oar78uib9mic0', '::1', 1619974947, 0x5f5f63695f6c6173745f726567656e65726174657c693a313631393937343934373b5f5f4143544956455f53455353494f4e5f444154417c733a3235363a22616334633737653032653531663034653162616331313633303932623438313430323964623666316232303566326331616561616462303335643339616631363036393233643762663264373364363138323536613965323266623737343336356631353165313235346333396236386466393062336662646531343337396561412f67454149716b575a304e325435584a4175534952344244776b6638584241723876524e3468434a77505576485462654379423430346c334b732f496b4b436e4d4d357a707558454b7836627943587737757650527a31396e735a595173312b6e526d6c74687033694e5853363531446c2b336e7971344a674d4b704c45223b),
('mkpfag5t076lvkraup4j1hl4er3sjbn0', '::1', 1619975084, 0x5f5f63695f6c6173745f726567656e65726174657c693a313631393937343934373b5f5f4143544956455f53455353494f4e5f444154417c733a3235363a2231613663363865316538623564316534326531303630633737653562316266643763333736373065393063363730663131346430323337383430386437613938363833336134613431333139636561316662323730313236363938356337666261366561383739333461613935333965663865313638376265326365313662304b757a5653494c62434e73366f61427a776e3273505158574f7a45304e4a5857704a6d47506458786c643239527731394446585a546141563265755143516e6f4f667746666f31594249346b444d6964636f347845726f6a492f6c4e564b775249476d435a716831326e52547a5a74676738686d507554527442595946325062223b7265646972656374696f6e7c4e3b6f726465725f666c6173687c733a32363a2253746174757320626572686173696c2064697065726261727569223b5f5f63695f766172737c613a313a7b733a31313a226f726465725f666c617368223b733a333a226f6c64223b7d),
('ojam30rdjfof9fubdov3bdb48s0520i6', '127.0.0.1', 1619975089, 0x5f5f63695f6c6173745f726567656e65726174657c693a313631393937343936393b5f5f4143544956455f53455353494f4e5f444154417c733a3235363a223433336436373235323135626562616438303562366632383166656266306664396430356639656464306462613661643032303230353463323630303138323863633561383630333337323433393930346165653766616536306439646264646333616435383765366335333237643966356133323631626139373036643537365754705675797258396a4d4a306a73456e54744e4e48495771796136334c4c59432b4a5a586a58752b4555726b6c506738466c5856346d637a6763656546794134446741455570793746693857784e51336373745247526c366447704a7a72395573703745657139657633536759564a30586349627161464e326b4c397433223b),
('kgqhae3rr2r9cm1bhvk638dhf4c0o7nl', '::1', 1620051916, 0x5f5f63695f6c6173745f726567656e65726174657c693a313632303035313931363b5f5f4143544956455f53455353494f4e5f444154417c733a3235363a223339366463376662333664363165663566643835356232626439656466633563336366303539336436616634353038396162313561316533643339636233663632346330393464646136346430376338336530336534613536356438633337323062393338656231333666313861333966353732313239663538313839303333615154305146444843447942784b686c7076555a7a4953765a72426f353653584877726735646e7850615865766a576f464576414e795555567066654b30436a706f6f55726a687a626e7536413977484c322b412f7169324d4d784f74615670685841316c716a75306b555238304c6f3968457177656c3578474877674b2b71223b),
('6bausplen2lq1d009rgus6hv299i6svp', '::1', 1620052604, 0x5f5f63695f6c6173745f726567656e65726174657c693a313632303035323630343b5f5f4143544956455f53455353494f4e5f444154417c733a3235363a223339366463376662333664363165663566643835356232626439656466633563336366303539336436616634353038396162313561316533643339636233663632346330393464646136346430376338336530336534613536356438633337323062393338656231333666313861333966353732313239663538313839303333615154305146444843447942784b686c7076555a7a4953765a72426f353653584877726735646e7850615865766a576f464576414e795555567066654b30436a706f6f55726a687a626e7536413977484c322b412f7169324d4d784f74615670685841316c716a75306b555238304c6f3968457177656c3578474877674b2b71223b73657474696e67735f666c6173687c733a33303a2250656e6761747572616e20626572686173696c2064697065726261727569223b5f5f63695f766172737c613a313a7b733a31343a2273657474696e67735f666c617368223b733a333a226f6c64223b7d),
('c1n7ncbf2dlvmeqhjnrr307cjmfvc7r5', '::1', 1620052604, 0x5f5f63695f6c6173745f726567656e65726174657c693a313632303035323630343b5f5f4143544956455f53455353494f4e5f444154417c733a3235363a223339366463376662333664363165663566643835356232626439656466633563336366303539336436616634353038396162313561316533643339636233663632346330393464646136346430376338336530336534613536356438633337323062393338656231333666313861333966353732313239663538313839303333615154305146444843447942784b686c7076555a7a4953765a72426f353653584877726735646e7850615865766a576f464576414e795555567066654b30436a706f6f55726a687a626e7536413977484c322b412f7169324d4d784f74615670685841316c716a75306b555238304c6f3968457177656c3578474877674b2b71223b73657474696e67735f666c6173687c733a33303a2250656e6761747572616e20626572686173696c2064697065726261727569223b5f5f63695f766172737c613a313a7b733a31343a2273657474696e67735f666c617368223b733a333a226f6c64223b7d),
('vg1tu1jhp75b2u837uv1585em9rb1n3i', '::1', 1620094106, 0x5f5f63695f6c6173745f726567656e65726174657c693a313632303039343130363b5f5f4143544956455f53455353494f4e5f444154417c733a3235363a2232376365633962316662393434316330366364623036383132346630333364306562393334313864376361346163313337373265643238333564346330323462623135666261373434346539353764643034336631303230383363376432613561376632303730633134653833623734393131333864663230396462343937634a587259724948465657516a443877445547614d7478784256544672615956454430734530396f49486d553369696b77416c54723472663773726a4e4931523576316176544c48654a64736949696d5159424e4a6972794e5a78784968564634666d4261446a765a7439756c426d4d387955595a762f4a6c6838564a72763176223b),
('n54run55igev998b7234roh5e4kn9dah', '::1', 1620094427, 0x5f5f63695f6c6173745f726567656e65726174657c693a313632303039343432373b5f5f4143544956455f53455353494f4e5f444154417c733a3235363a2232376365633962316662393434316330366364623036383132346630333364306562393334313864376361346163313337373265643238333564346330323462623135666261373434346539353764643034336631303230383363376432613561376632303730633134653833623734393131333864663230396462343937634a587259724948465657516a443877445547614d7478784256544672615956454430734530396f49486d553369696b77416c54723472663773726a4e4931523576316176544c48654a64736949696d5159424e4a6972794e5a78784968564634666d4261446a765a7439756c426d4d387955595a762f4a6c6838564a72763176223b),
('i8d4edpmuripoalua25afphsmpa3fptm', '::1', 1620096086, 0x5f5f63695f6c6173745f726567656e65726174657c693a313632303039363038363b5f5f4143544956455f53455353494f4e5f444154417c733a3235363a2232376365633962316662393434316330366364623036383132346630333364306562393334313864376361346163313337373265643238333564346330323462623135666261373434346539353764643034336631303230383363376432613561376632303730633134653833623734393131333864663230396462343937634a587259724948465657516a443877445547614d7478784256544672615956454430734530396f49486d553369696b77416c54723472663773726a4e4931523576316176544c48654a64736949696d5159424e4a6972794e5a78784968564634666d4261446a765a7439756c426d4d387955595a762f4a6c6838564a72763176223b),
('qp76qqrj9epp0qdo3ab6tciakr12gl2h', '::1', 1620097330, 0x5f5f63695f6c6173745f726567656e65726174657c693a313632303039373333303b5f5f4143544956455f53455353494f4e5f444154417c733a3235363a2232376365633962316662393434316330366364623036383132346630333364306562393334313864376361346163313337373265643238333564346330323462623135666261373434346539353764643034336631303230383363376432613561376632303730633134653833623734393131333864663230396462343937634a587259724948465657516a443877445547614d7478784256544672615956454430734530396f49486d553369696b77416c54723472663773726a4e4931523576316176544c48654a64736949696d5159424e4a6972794e5a78784968564634666d4261446a765a7439756c426d4d387955595a762f4a6c6838564a72763176223b),
('d9ovji9rold82610pkd4c88gcagoa3hk', '::1', 1620097639, 0x5f5f63695f6c6173745f726567656e65726174657c693a313632303039373633393b5f5f4143544956455f53455353494f4e5f444154417c733a3235363a2232376365633962316662393434316330366364623036383132346630333364306562393334313864376361346163313337373265643238333564346330323462623135666261373434346539353764643034336631303230383363376432613561376632303730633134653833623734393131333864663230396462343937634a587259724948465657516a443877445547614d7478784256544672615956454430734530396f49486d553369696b77416c54723472663773726a4e4931523576316176544c48654a64736949696d5159424e4a6972794e5a78784968564634666d4261446a765a7439756c426d4d387955595a762f4a6c6838564a72763176223b73657474696e67735f666c6173687c733a33303a2250656e6761747572616e20626572686173696c2064697065726261727569223b5f5f63695f766172737c613a313a7b733a31343a2273657474696e67735f666c617368223b733a333a226f6c64223b7d),
('399156cef2ub2g1ij0ohbjlue6s56hv3', '::1', 1620097962, 0x5f5f63695f6c6173745f726567656e65726174657c693a313632303039373936323b5f5f4143544956455f53455353494f4e5f444154417c733a3235363a2232376365633962316662393434316330366364623036383132346630333364306562393334313864376361346163313337373265643238333564346330323462623135666261373434346539353764643034336631303230383363376432613561376632303730633134653833623734393131333864663230396462343937634a587259724948465657516a443877445547614d7478784256544672615956454430734530396f49486d553369696b77416c54723472663773726a4e4931523576316176544c48654a64736949696d5159424e4a6972794e5a78784968564634666d4261446a765a7439756c426d4d387955595a762f4a6c6838564a72763176223b),
('fnpaf4ou2novdoe3avvcu9s8okgtfned', '::1', 1620098306, 0x5f5f63695f6c6173745f726567656e65726174657c693a313632303039383330363b5f5f4143544956455f53455353494f4e5f444154417c733a3235363a2232376365633962316662393434316330366364623036383132346630333364306562393334313864376361346163313337373265643238333564346330323462623135666261373434346539353764643034336631303230383363376432613561376632303730633134653833623734393131333864663230396462343937634a587259724948465657516a443877445547614d7478784256544672615956454430734530396f49486d553369696b77416c54723472663773726a4e4931523576316176544c48654a64736949696d5159424e4a6972794e5a78784968564634666d4261446a765a7439756c426d4d387955595a762f4a6c6838564a72763176223b),
('tk0lepabupisnsm9ootaita0qqc62p91', '::1', 1620098699, 0x5f5f63695f6c6173745f726567656e65726174657c693a313632303039383639393b5f5f4143544956455f53455353494f4e5f444154417c733a3235363a2232376365633962316662393434316330366364623036383132346630333364306562393334313864376361346163313337373265643238333564346330323462623135666261373434346539353764643034336631303230383363376432613561376632303730633134653833623734393131333864663230396462343937634a587259724948465657516a443877445547614d7478784256544672615956454430734530396f49486d553369696b77416c54723472663773726a4e4931523576316176544c48654a64736949696d5159424e4a6972794e5a78784968564634666d4261446a765a7439756c426d4d387955595a762f4a6c6838564a72763176223b),
('k9su0adh49iecbfcjj69ahr8cndu6m8g', '::1', 1620100655, 0x5f5f63695f6c6173745f726567656e65726174657c693a313632303130303635353b5f5f4143544956455f53455353494f4e5f444154417c733a3235363a2232376365633962316662393434316330366364623036383132346630333364306562393334313864376361346163313337373265643238333564346330323462623135666261373434346539353764643034336631303230383363376432613561376632303730633134653833623734393131333864663230396462343937634a587259724948465657516a443877445547614d7478784256544672615956454430734530396f49486d553369696b77416c54723472663773726a4e4931523576316176544c48654a64736949696d5159424e4a6972794e5a78784968564634666d4261446a765a7439756c426d4d387955595a762f4a6c6838564a72763176223b73657474696e67735f666c6173687c733a32373a22426572686173696c206d656e616d62616820646174612062616e6b223b5f5f63695f766172737c613a313a7b733a31343a2273657474696e67735f666c617368223b733a333a226f6c64223b7d),
('brgcc1qnr7dlgabsccshm9figm81rdip', '::1', 1620099000, 0x5f5f63695f6c6173745f726567656e65726174657c693a313632303039393030303b5f5f4143544956455f53455353494f4e5f444154417c733a3235363a2232376365633962316662393434316330366364623036383132346630333364306562393334313864376361346163313337373265643238333564346330323462623135666261373434346539353764643034336631303230383363376432613561376632303730633134653833623734393131333864663230396462343937634a587259724948465657516a443877445547614d7478784256544672615956454430734530396f49486d553369696b77416c54723472663773726a4e4931523576316176544c48654a64736949696d5159424e4a6972794e5a78784968564634666d4261446a765a7439756c426d4d387955595a762f4a6c6838564a72763176223b73657474696e67735f666c6173687c733a33303a2250656e6761747572616e20626572686173696c2064697065726261727569223b5f5f63695f766172737c613a313a7b733a31343a2273657474696e67735f666c617368223b733a333a226e6577223b7d),
('1og7pgtc34a46idost0uuhifdm3nhd50', '127.0.0.1', 1620099383, 0x5f5f63695f6c6173745f726567656e65726174657c693a313632303039393338333b5f5f4143544956455f53455353494f4e5f444154417c733a3235363a2237623937663132313139616232376131383832313665336435613662316237333033363930333932373637393631333039323266356234666135633839663562326136396265393134656539383030373330373737366666303233633738646332656538386566376436376363633435663834373364343630633865656533656a526c55526651396d414c532b6f54416c4164345a62646e47516e6479522f70376a3066454778384e6b4c376c6b3768793651384b38544353754e68524167664330782b7366704d785471796e774d617676754247356d73305a512b4d53655470466f6e5464392b69564b306d5450516b332f4f6b6f532b3562327042693567223b),
('55jumuo7gblbhpdtrma4hvipgdu7d8pb', '127.0.0.1', 1620099574, 0x5f5f63695f6c6173745f726567656e65726174657c693a313632303039393338333b5f5f4143544956455f53455353494f4e5f444154417c733a3235363a2237623937663132313139616232376131383832313665336435613662316237333033363930333932373637393631333039323266356234666135633839663562326136396265393134656539383030373330373737366666303233633738646332656538386566376436376363633435663834373364343630633865656533656a526c55526651396d414c532b6f54416c4164345a62646e47516e6479522f70376a3066454778384e6b4c376c6b3768793651384b38544353754e68524167664330782b7366704d785471796e774d617676754247356d73305a512b4d53655470466f6e5464392b69564b306d5450516b332f4f6b6f532b3562327042693567223b),
('tp8h1r0gn8sm6elk9lkqr67adpcvdggm', '::1', 1620101053, 0x5f5f63695f6c6173745f726567656e65726174657c693a313632303130313035333b5f5f4143544956455f53455353494f4e5f444154417c733a3235363a2232376365633962316662393434316330366364623036383132346630333364306562393334313864376361346163313337373265643238333564346330323462623135666261373434346539353764643034336631303230383363376432613561376632303730633134653833623734393131333864663230396462343937634a587259724948465657516a443877445547614d7478784256544672615956454430734530396f49486d553369696b77416c54723472663773726a4e4931523576316176544c48654a64736949696d5159424e4a6972794e5a78784968564634666d4261446a765a7439756c426d4d387955595a762f4a6c6838564a72763176223b),
('ngm7k6q3b26bjk4enrr6thi61h71828c', '::1', 1620101054, 0x5f5f63695f6c6173745f726567656e65726174657c693a313632303130313035333b5f5f4143544956455f53455353494f4e5f444154417c733a3235363a2232376365633962316662393434316330366364623036383132346630333364306562393334313864376361346163313337373265643238333564346330323462623135666261373434346539353764643034336631303230383363376432613561376632303730633134653833623734393131333864663230396462343937634a587259724948465657516a443877445547614d7478784256544672615956454430734530396f49486d553369696b77416c54723472663773726a4e4931523576316176544c48654a64736949696d5159424e4a6972794e5a78784968564634666d4261446a765a7439756c426d4d387955595a762f4a6c6838564a72763176223b),
('vpsu99i6o6vq66d3hmdr4dqrv3rr6lju', '127.0.0.1', 1620357908, 0x5f5f63695f6c6173745f726567656e65726174657c693a313632303335373635353b5f5f4143544956455f53455353494f4e5f444154417c733a3235363a2234626236343332613561386464326366353037663064613834663436306234393461363565313266623635316630663364623163633930363434376236333461366137623830363861376663353365383235366266666461343231613539363338333163303538393136376531356365663436373266643861386232383361636b4748786630466f59636b3267334d4d42594f552b51715735437a4d546d56673841636656692f4d326d2b75426a70585069557745452b495a6c6169564658726157536f6b6e343038714d48597652476e76304d6d565477454253684452615339774e5653304d764b67326c78746269732f6e324a374a4c73534b3554705653223b73746f72655f666c6173687c733a32363a2250656e646166746172616e20616b756e20626572686173696c21223b5f5f63695f766172737c613a313a7b733a31313a2273746f72655f666c617368223b733a333a226f6c64223b7d),
('nh2h85rl0sug37e8dtcfgqrc4d7o9c27', '::1', 1619971464, 0x5f5f63695f6c6173745f726567656e65726174657c693a313631393937313436343b),
('p1r5m6ad0gho44noleiu3vf40sq4qbk7', '::1', 1619973639, 0x5f5f63695f6c6173745f726567656e65726174657c693a313631393937333633393b),
('glb8ltfrvc6r0uoa4ivpihqs526o8v3p', '::1', 1619974000, 0x5f5f63695f6c6173745f726567656e65726174657c693a313631393937343030303b7265646972656374696f6e7c4e3b),
('60pa6bnm27hl15arm4qfdnsrj216sac1', '::1', 1619974607, 0x5f5f63695f6c6173745f726567656e65726174657c693a313631393937343630373b7265646972656374696f6e7c4e3b5f5f4143544956455f53455353494f4e5f444154417c733a3235363a2262643634333163646339353634393364663062346535643131663436343638333237666630393330373062626637303634616266323434383334656332383433653831313035333438623631306435306131333663333465373161346163346135633531373031626639383465613730623966353436646236326634313432354e577a71446f3946392f72545037444a4b4733506e4a4e713174544e7157714f6c64544649334c6e4454675545444f504976775933714d4e337670777a556758714e645a66715a44576e722f6b414679506b652b69744670384635655448476c512b4777644f776f714b39335a4e3175364334506f363847445a545162766d33223b),
('6jj4htoa08uds4ipl88oar78uib9mic0', '::1', 1619974947, 0x5f5f63695f6c6173745f726567656e65726174657c693a313631393937343934373b5f5f4143544956455f53455353494f4e5f444154417c733a3235363a22616334633737653032653531663034653162616331313633303932623438313430323964623666316232303566326331616561616462303335643339616631363036393233643762663264373364363138323536613965323266623737343336356631353165313235346333396236386466393062336662646531343337396561412f67454149716b575a304e325435584a4175534952344244776b6638584241723876524e3468434a77505576485462654379423430346c334b732f496b4b436e4d4d357a707558454b7836627943587737757650527a31396e735a595173312b6e526d6c74687033694e5853363531446c2b336e7971344a674d4b704c45223b),
('mkpfag5t076lvkraup4j1hl4er3sjbn0', '::1', 1619975084, 0x5f5f63695f6c6173745f726567656e65726174657c693a313631393937343934373b5f5f4143544956455f53455353494f4e5f444154417c733a3235363a2231613663363865316538623564316534326531303630633737653562316266643763333736373065393063363730663131346430323337383430386437613938363833336134613431333139636561316662323730313236363938356337666261366561383739333461613935333965663865313638376265326365313662304b757a5653494c62434e73366f61427a776e3273505158574f7a45304e4a5857704a6d47506458786c643239527731394446585a546141563265755143516e6f4f667746666f31594249346b444d6964636f347845726f6a492f6c4e564b775249476d435a716831326e52547a5a74676738686d507554527442595946325062223b7265646972656374696f6e7c4e3b6f726465725f666c6173687c733a32363a2253746174757320626572686173696c2064697065726261727569223b5f5f63695f766172737c613a313a7b733a31313a226f726465725f666c617368223b733a333a226f6c64223b7d),
('ojam30rdjfof9fubdov3bdb48s0520i6', '127.0.0.1', 1619975089, 0x5f5f63695f6c6173745f726567656e65726174657c693a313631393937343936393b5f5f4143544956455f53455353494f4e5f444154417c733a3235363a223433336436373235323135626562616438303562366632383166656266306664396430356639656464306462613661643032303230353463323630303138323863633561383630333337323433393930346165653766616536306439646264646333616435383765366335333237643966356133323631626139373036643537365754705675797258396a4d4a306a73456e54744e4e48495771796136334c4c59432b4a5a586a58752b4555726b6c506738466c5856346d637a6763656546794134446741455570793746693857784e51336373745247526c366447704a7a72395573703745657139657633536759564a30586349627161464e326b4c397433223b),
('kgqhae3rr2r9cm1bhvk638dhf4c0o7nl', '::1', 1620051916, 0x5f5f63695f6c6173745f726567656e65726174657c693a313632303035313931363b5f5f4143544956455f53455353494f4e5f444154417c733a3235363a223339366463376662333664363165663566643835356232626439656466633563336366303539336436616634353038396162313561316533643339636233663632346330393464646136346430376338336530336534613536356438633337323062393338656231333666313861333966353732313239663538313839303333615154305146444843447942784b686c7076555a7a4953765a72426f353653584877726735646e7850615865766a576f464576414e795555567066654b30436a706f6f55726a687a626e7536413977484c322b412f7169324d4d784f74615670685841316c716a75306b555238304c6f3968457177656c3578474877674b2b71223b),
('6bausplen2lq1d009rgus6hv299i6svp', '::1', 1620052604, 0x5f5f63695f6c6173745f726567656e65726174657c693a313632303035323630343b5f5f4143544956455f53455353494f4e5f444154417c733a3235363a223339366463376662333664363165663566643835356232626439656466633563336366303539336436616634353038396162313561316533643339636233663632346330393464646136346430376338336530336534613536356438633337323062393338656231333666313861333966353732313239663538313839303333615154305146444843447942784b686c7076555a7a4953765a72426f353653584877726735646e7850615865766a576f464576414e795555567066654b30436a706f6f55726a687a626e7536413977484c322b412f7169324d4d784f74615670685841316c716a75306b555238304c6f3968457177656c3578474877674b2b71223b73657474696e67735f666c6173687c733a33303a2250656e6761747572616e20626572686173696c2064697065726261727569223b5f5f63695f766172737c613a313a7b733a31343a2273657474696e67735f666c617368223b733a333a226f6c64223b7d),
('c1n7ncbf2dlvmeqhjnrr307cjmfvc7r5', '::1', 1620052604, 0x5f5f63695f6c6173745f726567656e65726174657c693a313632303035323630343b5f5f4143544956455f53455353494f4e5f444154417c733a3235363a223339366463376662333664363165663566643835356232626439656466633563336366303539336436616634353038396162313561316533643339636233663632346330393464646136346430376338336530336534613536356438633337323062393338656231333666313861333966353732313239663538313839303333615154305146444843447942784b686c7076555a7a4953765a72426f353653584877726735646e7850615865766a576f464576414e795555567066654b30436a706f6f55726a687a626e7536413977484c322b412f7169324d4d784f74615670685841316c716a75306b555238304c6f3968457177656c3578474877674b2b71223b73657474696e67735f666c6173687c733a33303a2250656e6761747572616e20626572686173696c2064697065726261727569223b5f5f63695f766172737c613a313a7b733a31343a2273657474696e67735f666c617368223b733a333a226f6c64223b7d),
('vg1tu1jhp75b2u837uv1585em9rb1n3i', '::1', 1620094106, 0x5f5f63695f6c6173745f726567656e65726174657c693a313632303039343130363b5f5f4143544956455f53455353494f4e5f444154417c733a3235363a2232376365633962316662393434316330366364623036383132346630333364306562393334313864376361346163313337373265643238333564346330323462623135666261373434346539353764643034336631303230383363376432613561376632303730633134653833623734393131333864663230396462343937634a587259724948465657516a443877445547614d7478784256544672615956454430734530396f49486d553369696b77416c54723472663773726a4e4931523576316176544c48654a64736949696d5159424e4a6972794e5a78784968564634666d4261446a765a7439756c426d4d387955595a762f4a6c6838564a72763176223b),
('n54run55igev998b7234roh5e4kn9dah', '::1', 1620094427, 0x5f5f63695f6c6173745f726567656e65726174657c693a313632303039343432373b5f5f4143544956455f53455353494f4e5f444154417c733a3235363a2232376365633962316662393434316330366364623036383132346630333364306562393334313864376361346163313337373265643238333564346330323462623135666261373434346539353764643034336631303230383363376432613561376632303730633134653833623734393131333864663230396462343937634a587259724948465657516a443877445547614d7478784256544672615956454430734530396f49486d553369696b77416c54723472663773726a4e4931523576316176544c48654a64736949696d5159424e4a6972794e5a78784968564634666d4261446a765a7439756c426d4d387955595a762f4a6c6838564a72763176223b),
('i8d4edpmuripoalua25afphsmpa3fptm', '::1', 1620096086, 0x5f5f63695f6c6173745f726567656e65726174657c693a313632303039363038363b5f5f4143544956455f53455353494f4e5f444154417c733a3235363a2232376365633962316662393434316330366364623036383132346630333364306562393334313864376361346163313337373265643238333564346330323462623135666261373434346539353764643034336631303230383363376432613561376632303730633134653833623734393131333864663230396462343937634a587259724948465657516a443877445547614d7478784256544672615956454430734530396f49486d553369696b77416c54723472663773726a4e4931523576316176544c48654a64736949696d5159424e4a6972794e5a78784968564634666d4261446a765a7439756c426d4d387955595a762f4a6c6838564a72763176223b),
('qp76qqrj9epp0qdo3ab6tciakr12gl2h', '::1', 1620097330, 0x5f5f63695f6c6173745f726567656e65726174657c693a313632303039373333303b5f5f4143544956455f53455353494f4e5f444154417c733a3235363a2232376365633962316662393434316330366364623036383132346630333364306562393334313864376361346163313337373265643238333564346330323462623135666261373434346539353764643034336631303230383363376432613561376632303730633134653833623734393131333864663230396462343937634a587259724948465657516a443877445547614d7478784256544672615956454430734530396f49486d553369696b77416c54723472663773726a4e4931523576316176544c48654a64736949696d5159424e4a6972794e5a78784968564634666d4261446a765a7439756c426d4d387955595a762f4a6c6838564a72763176223b),
('d9ovji9rold82610pkd4c88gcagoa3hk', '::1', 1620097639, 0x5f5f63695f6c6173745f726567656e65726174657c693a313632303039373633393b5f5f4143544956455f53455353494f4e5f444154417c733a3235363a2232376365633962316662393434316330366364623036383132346630333364306562393334313864376361346163313337373265643238333564346330323462623135666261373434346539353764643034336631303230383363376432613561376632303730633134653833623734393131333864663230396462343937634a587259724948465657516a443877445547614d7478784256544672615956454430734530396f49486d553369696b77416c54723472663773726a4e4931523576316176544c48654a64736949696d5159424e4a6972794e5a78784968564634666d4261446a765a7439756c426d4d387955595a762f4a6c6838564a72763176223b73657474696e67735f666c6173687c733a33303a2250656e6761747572616e20626572686173696c2064697065726261727569223b5f5f63695f766172737c613a313a7b733a31343a2273657474696e67735f666c617368223b733a333a226f6c64223b7d),
('399156cef2ub2g1ij0ohbjlue6s56hv3', '::1', 1620097962, 0x5f5f63695f6c6173745f726567656e65726174657c693a313632303039373936323b5f5f4143544956455f53455353494f4e5f444154417c733a3235363a2232376365633962316662393434316330366364623036383132346630333364306562393334313864376361346163313337373265643238333564346330323462623135666261373434346539353764643034336631303230383363376432613561376632303730633134653833623734393131333864663230396462343937634a587259724948465657516a443877445547614d7478784256544672615956454430734530396f49486d553369696b77416c54723472663773726a4e4931523576316176544c48654a64736949696d5159424e4a6972794e5a78784968564634666d4261446a765a7439756c426d4d387955595a762f4a6c6838564a72763176223b),
('fnpaf4ou2novdoe3avvcu9s8okgtfned', '::1', 1620098306, 0x5f5f63695f6c6173745f726567656e65726174657c693a313632303039383330363b5f5f4143544956455f53455353494f4e5f444154417c733a3235363a2232376365633962316662393434316330366364623036383132346630333364306562393334313864376361346163313337373265643238333564346330323462623135666261373434346539353764643034336631303230383363376432613561376632303730633134653833623734393131333864663230396462343937634a587259724948465657516a443877445547614d7478784256544672615956454430734530396f49486d553369696b77416c54723472663773726a4e4931523576316176544c48654a64736949696d5159424e4a6972794e5a78784968564634666d4261446a765a7439756c426d4d387955595a762f4a6c6838564a72763176223b),
('tk0lepabupisnsm9ootaita0qqc62p91', '::1', 1620098699, 0x5f5f63695f6c6173745f726567656e65726174657c693a313632303039383639393b5f5f4143544956455f53455353494f4e5f444154417c733a3235363a2232376365633962316662393434316330366364623036383132346630333364306562393334313864376361346163313337373265643238333564346330323462623135666261373434346539353764643034336631303230383363376432613561376632303730633134653833623734393131333864663230396462343937634a587259724948465657516a443877445547614d7478784256544672615956454430734530396f49486d553369696b77416c54723472663773726a4e4931523576316176544c48654a64736949696d5159424e4a6972794e5a78784968564634666d4261446a765a7439756c426d4d387955595a762f4a6c6838564a72763176223b),
('k9su0adh49iecbfcjj69ahr8cndu6m8g', '::1', 1620100655, 0x5f5f63695f6c6173745f726567656e65726174657c693a313632303130303635353b5f5f4143544956455f53455353494f4e5f444154417c733a3235363a2232376365633962316662393434316330366364623036383132346630333364306562393334313864376361346163313337373265643238333564346330323462623135666261373434346539353764643034336631303230383363376432613561376632303730633134653833623734393131333864663230396462343937634a587259724948465657516a443877445547614d7478784256544672615956454430734530396f49486d553369696b77416c54723472663773726a4e4931523576316176544c48654a64736949696d5159424e4a6972794e5a78784968564634666d4261446a765a7439756c426d4d387955595a762f4a6c6838564a72763176223b73657474696e67735f666c6173687c733a32373a22426572686173696c206d656e616d62616820646174612062616e6b223b5f5f63695f766172737c613a313a7b733a31343a2273657474696e67735f666c617368223b733a333a226f6c64223b7d),
('brgcc1qnr7dlgabsccshm9figm81rdip', '::1', 1620099000, 0x5f5f63695f6c6173745f726567656e65726174657c693a313632303039393030303b5f5f4143544956455f53455353494f4e5f444154417c733a3235363a2232376365633962316662393434316330366364623036383132346630333364306562393334313864376361346163313337373265643238333564346330323462623135666261373434346539353764643034336631303230383363376432613561376632303730633134653833623734393131333864663230396462343937634a587259724948465657516a443877445547614d7478784256544672615956454430734530396f49486d553369696b77416c54723472663773726a4e4931523576316176544c48654a64736949696d5159424e4a6972794e5a78784968564634666d4261446a765a7439756c426d4d387955595a762f4a6c6838564a72763176223b73657474696e67735f666c6173687c733a33303a2250656e6761747572616e20626572686173696c2064697065726261727569223b5f5f63695f766172737c613a313a7b733a31343a2273657474696e67735f666c617368223b733a333a226e6577223b7d),
('1og7pgtc34a46idost0uuhifdm3nhd50', '127.0.0.1', 1620099383, 0x5f5f63695f6c6173745f726567656e65726174657c693a313632303039393338333b5f5f4143544956455f53455353494f4e5f444154417c733a3235363a2237623937663132313139616232376131383832313665336435613662316237333033363930333932373637393631333039323266356234666135633839663562326136396265393134656539383030373330373737366666303233633738646332656538386566376436376363633435663834373364343630633865656533656a526c55526651396d414c532b6f54416c4164345a62646e47516e6479522f70376a3066454778384e6b4c376c6b3768793651384b38544353754e68524167664330782b7366704d785471796e774d617676754247356d73305a512b4d53655470466f6e5464392b69564b306d5450516b332f4f6b6f532b3562327042693567223b),
('55jumuo7gblbhpdtrma4hvipgdu7d8pb', '127.0.0.1', 1620099574, 0x5f5f63695f6c6173745f726567656e65726174657c693a313632303039393338333b5f5f4143544956455f53455353494f4e5f444154417c733a3235363a2237623937663132313139616232376131383832313665336435613662316237333033363930333932373637393631333039323266356234666135633839663562326136396265393134656539383030373330373737366666303233633738646332656538386566376436376363633435663834373364343630633865656533656a526c55526651396d414c532b6f54416c4164345a62646e47516e6479522f70376a3066454778384e6b4c376c6b3768793651384b38544353754e68524167664330782b7366704d785471796e774d617676754247356d73305a512b4d53655470466f6e5464392b69564b306d5450516b332f4f6b6f532b3562327042693567223b),
('tp8h1r0gn8sm6elk9lkqr67adpcvdggm', '::1', 1620101053, 0x5f5f63695f6c6173745f726567656e65726174657c693a313632303130313035333b5f5f4143544956455f53455353494f4e5f444154417c733a3235363a2232376365633962316662393434316330366364623036383132346630333364306562393334313864376361346163313337373265643238333564346330323462623135666261373434346539353764643034336631303230383363376432613561376632303730633134653833623734393131333864663230396462343937634a587259724948465657516a443877445547614d7478784256544672615956454430734530396f49486d553369696b77416c54723472663773726a4e4931523576316176544c48654a64736949696d5159424e4a6972794e5a78784968564634666d4261446a765a7439756c426d4d387955595a762f4a6c6838564a72763176223b),
('ngm7k6q3b26bjk4enrr6thi61h71828c', '::1', 1620101054, 0x5f5f63695f6c6173745f726567656e65726174657c693a313632303130313035333b5f5f4143544956455f53455353494f4e5f444154417c733a3235363a2232376365633962316662393434316330366364623036383132346630333364306562393334313864376361346163313337373265643238333564346330323462623135666261373434346539353764643034336631303230383363376432613561376632303730633134653833623734393131333864663230396462343937634a587259724948465657516a443877445547614d7478784256544672615956454430734530396f49486d553369696b77416c54723472663773726a4e4931523576316176544c48654a64736949696d5159424e4a6972794e5a78784968564634666d4261446a765a7439756c426d4d387955595a762f4a6c6838564a72763176223b),
('vpsu99i6o6vq66d3hmdr4dqrv3rr6lju', '127.0.0.1', 1620357908, 0x5f5f63695f6c6173745f726567656e65726174657c693a313632303335373635353b5f5f4143544956455f53455353494f4e5f444154417c733a3235363a2234626236343332613561386464326366353037663064613834663436306234393461363565313266623635316630663364623163633930363434376236333461366137623830363861376663353365383235366266666461343231613539363338333163303538393136376531356365663436373266643861386232383361636b4748786630466f59636b3267334d4d42594f552b51715735437a4d546d56673841636656692f4d326d2b75426a70585069557745452b495a6c6169564658726157536f6b6e343038714d48597652476e76304d6d565477454253684452615339774e5653304d764b67326c78746269732f6e324a374a4c73534b3554705653223b73746f72655f666c6173687c733a32363a2250656e646166746172616e20616b756e20626572686173696c21223b5f5f63695f766172737c613a313a7b733a31313a2273746f72655f666c617368223b733a333a226f6c64223b7d),
('l37ui0cqsaq9ggulcc2a95cc9rskkhb2', '::1', 1668929554, 0x5f5f63695f6c6173745f726567656e65726174657c693a313636383932393535343b),
('i3p0ejdmvcftflddf1s9n9nr7niu7gpm', '::1', 1668930478, 0x5f5f63695f6c6173745f726567656e65726174657c693a313636383933303437383b),
('tfq58fef2av553et1v2lofdn9i7j5e5o', '::1', 1668932243, 0x5f5f63695f6c6173745f726567656e65726174657c693a313636383933323234333b),
('f2enqibja7uis3cqhrgq61e18185g1tm', '::1', 1668932769, 0x5f5f63695f6c6173745f726567656e65726174657c693a313636383933323736393b),
('fud2t6sfudqtviii8mc1od1pkcuiko6q', '::1', 1668936714, 0x5f5f63695f6c6173745f726567656e65726174657c693a313636383933363731343b636172745f636f6e74656e74737c613a343a7b733a31303a22636172745f746f74616c223b643a323735303030303b733a31313a22746f74616c5f6974656d73223b643a323b733a33323a226332306164346437366665393737353961613237613063393962666636373130223b613a363a7b733a323a226964223b733a323a223132223b733a333a22717479223b643a313b733a353a227072696365223b643a313430303030303b733a343a226e616d65223b733a36333a22436f6e76657273652052756e2053746172204d6f74696f6e2046757475726520436f6d666f727420576f6d656e7320536e65616b657273202d20426c61636b223b733a353a22726f776964223b733a33323a226332306164346437366665393737353961613237613063393962666636373130223b733a383a22737562746f74616c223b643a313430303030303b7d733a33323a223635313262643433643963616136653032633939306230613832363532646361223b613a363a7b733a323a226964223b733a323a223131223b733a333a22717479223b643a313b733a353a227072696365223b643a313335303030303b733a343a226e616d65223b733a37303a22436f6e76657273652052756e20537461722048696b65204d696c6c656e6e69756d20476c616d20506c6174666f726d20576f6d656e7320536e65616b657273202d2050696e6b223b733a353a22726f776964223b733a33323a223635313262643433643963616136653032633939306230613832363532646361223b733a383a22737562746f74616c223b643a313335303030303b7d7d),
('o9mqcm5g9pv05mr1kh64b64709eseok9', '::1', 1668937059, 0x5f5f63695f6c6173745f726567656e65726174657c693a313636383933373035393b636172745f636f6e74656e74737c613a343a7b733a31303a22636172745f746f74616c223b643a343135303030303b733a31313a22746f74616c5f6974656d73223b643a333b733a33323a226332306164346437366665393737353961613237613063393962666636373130223b613a363a7b733a323a226964223b733a323a223132223b733a333a22717479223b643a323b733a353a227072696365223b643a313430303030303b733a343a226e616d65223b733a36333a22436f6e76657273652052756e2053746172204d6f74696f6e2046757475726520436f6d666f727420576f6d656e7320536e65616b657273202d20426c61636b223b733a353a22726f776964223b733a33323a226332306164346437366665393737353961613237613063393962666636373130223b733a383a22737562746f74616c223b643a323830303030303b7d733a33323a223635313262643433643963616136653032633939306230613832363532646361223b613a363a7b733a323a226964223b733a323a223131223b733a333a22717479223b643a313b733a353a227072696365223b643a313335303030303b733a343a226e616d65223b733a37303a22436f6e76657273652052756e20537461722048696b65204d696c6c656e6e69756d20476c616d20506c6174666f726d20576f6d656e7320536e65616b657273202d2050696e6b223b733a353a22726f776964223b733a33323a223635313262643433643963616136653032633939306230613832363532646361223b733a383a22737562746f74616c223b643a313335303030303b7d7d),
('ohsoqb3rdrvpr8kcr4p2atpbvk518o39', '::1', 1668937553, 0x5f5f63695f6c6173745f726567656e65726174657c693a313636383933373535333b5f5f4143544956455f53455353494f4e5f444154417c733a3235363a223362633765643337623463383765616163343038616234653536336563613465333537383032363632623735313830663034396131383130336264333662393730353539643738643034366232666130326433613838343263666431333562383831613235663338663537663633346335633265653365343736333463303038322b526a74624a654538786447546a347a524a4e7641455652706d72704875512f706253514669526b65465a4e5571636275472f4472547865514d58647364594169377737335749525143785646412f55495734433471436d7079782f62317a444a703072527144665671622f445135574e5a4d6f4c69757339575154696137223b6f726465725f666c6173687c733a32363a224f7264657220626572686173696c20646974616d6261686b616e223b5f5f63695f766172737c613a313a7b733a31313a226f726465725f666c617368223b733a333a226f6c64223b7d),
('a9a6vtap96pvbg4l9qq147n89nh8tfa5', '::1', 1668937911, 0x5f5f63695f6c6173745f726567656e65726174657c693a313636383933373931313b5f5f4143544956455f53455353494f4e5f444154417c733a3235363a223362633765643337623463383765616163343038616234653536336563613465333537383032363632623735313830663034396131383130336264333662393730353539643738643034366232666130326433613838343263666431333562383831613235663338663537663633346335633265653365343736333463303038322b526a74624a654538786447546a347a524a4e7641455652706d72704875512f706253514669526b65465a4e5571636275472f4472547865514d58647364594169377737335749525143785646412f55495734433471436d7079782f62317a444a703072527144665671622f445135574e5a4d6f4c69757339575154696137223b6f726465725f666c6173687c733a32363a224f7264657220626572686173696c20646974616d6261686b616e223b5f5f63695f766172737c613a313a7b733a31313a226f726465725f666c617368223b733a333a226f6c64223b7d),
('993o52trqp2h72kpm7stpnf58tbae77f', '::1', 1668938266, 0x5f5f63695f6c6173745f726567656e65726174657c693a313636383933383236363b5f5f4143544956455f53455353494f4e5f444154417c733a3235363a223362633765643337623463383765616163343038616234653536336563613465333537383032363632623735313830663034396131383130336264333662393730353539643738643034366232666130326433613838343263666431333562383831613235663338663537663633346335633265653365343736333463303038322b526a74624a654538786447546a347a524a4e7641455652706d72704875512f706253514669526b65465a4e5571636275472f4472547865514d58647364594169377737335749525143785646412f55495734433471436d7079782f62317a444a703072527144665671622f445135574e5a4d6f4c69757339575154696137223b),
('5t82bafl2tbvoi1mqtbk5ql7lj3lmodd', '::1', 1668939566, 0x5f5f63695f6c6173745f726567656e65726174657c693a313636383933393536363b5f5f4143544956455f53455353494f4e5f444154417c733a3235363a223362633765643337623463383765616163343038616234653536336563613465333537383032363632623735313830663034396131383130336264333662393730353539643738643034366232666130326433613838343263666431333562383831613235663338663537663633346335633265653365343736333463303038322b526a74624a654538786447546a347a524a4e7641455652706d72704875512f706253514669526b65465a4e5571636275472f4472547865514d58647364594169377737335749525143785646412f55495734433471436d7079782f62317a444a703072527144665671622f445135574e5a4d6f4c69757339575154696137223b),
('bk5vfmh7qn2en3iomf6149k9rgphp41k', '::1', 1668939869, 0x5f5f63695f6c6173745f726567656e65726174657c693a313636383933393836393b5f5f4143544956455f53455353494f4e5f444154417c733a3235363a223362633765643337623463383765616163343038616234653536336563613465333537383032363632623735313830663034396131383130336264333662393730353539643738643034366232666130326433613838343263666431333562383831613235663338663537663633346335633265653365343736333463303038322b526a74624a654538786447546a347a524a4e7641455652706d72704875512f706253514669526b65465a4e5571636275472f4472547865514d58647364594169377737335749525143785646412f55495734433471436d7079782f62317a444a703072527144665671622f445135574e5a4d6f4c69757339575154696137223b),
('djgpe7qsdeh0r1k5urd15id0j1b1sf6a', '::1', 1668940080, 0x5f5f63695f6c6173745f726567656e65726174657c693a313636383933393836393b7265646972656374696f6e7c4e3b5f5f4143544956455f53455353494f4e5f444154417c733a3235363a22336463303832326564376465663331323037313063336536616534626466336464316338353434393463313265653566383535316461386434613133366539626131653834323234363334656265393939623736633235383465336331356639353461333835646337633064313231383537663436643239616134656438653373724376556e76347548677779756b6a4e636f51476c6b72477a2f356e716657675863315445577a504737795055384b5363386672304a716937697131783164485979424172397a7a536b56346c69536e6747524d68734846302b635a5a3249357a7a4f5130644c6b6b2b334e4159646c2f6f6e674b7379775a6a3546415946223b);

-- --------------------------------------------------------

--
-- Table structure for table `contacts`
--

CREATE TABLE `contacts` (
  `id` int(10) NOT NULL,
  `parent_id` int(10) DEFAULT NULL,
  `name` varchar(32) NOT NULL,
  `subject` varchar(128) DEFAULT NULL,
  `email` varchar(64) NOT NULL,
  `message` mediumtext NOT NULL,
  `contact_date` datetime DEFAULT NULL,
  `status` tinyint(1) DEFAULT 1,
  `reply_at` datetime DEFAULT NULL
) ENGINE=InnoDB DEFAULT CHARSET=utf8mb4;

--
-- Dumping data for table `contacts`
--

INSERT INTO `contacts` (`id`, `parent_id`, `name`, `subject`, `email`, `message`, `contact_date`, `status`, `reply_at`) VALUES
(1, NULL, 'Krisna Mukti', 'Pengiriman kok lama?', 'krisnamukti@gmail.com', 'pengiriman pesanan saya kok lama ya', '2022-11-20 07:40:13', 2, NULL);

-- --------------------------------------------------------

--
-- Table structure for table `coupons`
--

CREATE TABLE `coupons` (
  `id` bigint(20) NOT NULL,
  `name` varchar(191) NOT NULL,
  `code` varchar(32) NOT NULL,
  `credit` decimal(8,2) NOT NULL,
  `start_date` date NOT NULL,
  `expired_date` date NOT NULL,
  `is_active` tinyint(4) DEFAULT 1
) ENGINE=InnoDB DEFAULT CHARSET=utf8mb4;

--
-- Dumping data for table `coupons`
--

INSERT INTO `coupons` (`id`, `name`, `code`, `credit`, `start_date`, `expired_date`, `is_active`) VALUES
(4, 'YESUS', 'TIDAKBERUBAH', '75000.00', '2022-11-20', '2022-11-30', 1),
(5, 'TUHANYESUS', '12MURIDYESUS', '100000.00', '2022-11-20', '2022-12-20', 1);

-- --------------------------------------------------------

--
-- Table structure for table `customers`
--

CREATE TABLE `customers` (
  `id` bigint(20) NOT NULL,
  `user_id` bigint(20) UNSIGNED DEFAULT NULL,
  `name` varchar(191) NOT NULL,
  `phone_number` varchar(32) DEFAULT NULL,
  `address` varchar(191) NOT NULL,
  `profile_picture` varchar(191) DEFAULT NULL
) ENGINE=InnoDB DEFAULT CHARSET=utf8mb4;

--
-- Dumping data for table `customers`
--

INSERT INTO `customers` (`id`, `user_id`, `name`, `phone_number`, `address`, `profile_picture`) VALUES
(6, 2, 'Krisna Mukti', '081235595153', 'Surabaya', 'agung.png'),
(7, 8, 'Yohanes', '0812335641607', 'Jakarta', 'agung.png');

-- --------------------------------------------------------

--
-- Table structure for table `orders`
--

CREATE TABLE `orders` (
  `id` bigint(20) NOT NULL,
  `user_id` bigint(20) UNSIGNED DEFAULT NULL,
  `coupon_id` bigint(20) DEFAULT NULL,
  `order_number` varchar(16) NOT NULL,
  `order_status` enum('1','2','3','4','5') DEFAULT '1',
  `order_date` datetime NOT NULL,
  `total_price` decimal(10,2) DEFAULT NULL,
  `total_items` int(10) DEFAULT NULL,
  `payment_method` int(11) DEFAULT 1,
  `delivery_data` text DEFAULT NULL,
  `delivered_date` datetime DEFAULT NULL,
  `finish_date` datetime DEFAULT NULL
) ENGINE=InnoDB DEFAULT CHARSET=utf8mb4;

-- --------------------------------------------------------

--
-- Table structure for table `order_items`
--

CREATE TABLE `order_items` (
  `id` bigint(20) NOT NULL,
  `order_id` bigint(20) DEFAULT NULL,
  `product_id` bigint(20) DEFAULT NULL,
  `order_qty` int(10) NOT NULL,
  `order_price` decimal(10,2) DEFAULT NULL
) ENGINE=InnoDB DEFAULT CHARSET=utf8mb4;

-- --------------------------------------------------------

--
-- Table structure for table `payments`
--

CREATE TABLE `payments` (
  `id` bigint(20) NOT NULL,
  `order_id` bigint(20) DEFAULT NULL,
  `payment_price` decimal(10,2) DEFAULT NULL,
  `payment_date` datetime NOT NULL,
  `picture_name` varchar(191) DEFAULT NULL,
  `payment_status` enum('1','2','3') DEFAULT '1',
  `confirmed_date` datetime DEFAULT NULL,
  `payment_data` text DEFAULT NULL
) ENGINE=InnoDB DEFAULT CHARSET=utf8mb4;

-- --------------------------------------------------------

--
-- Table structure for table `products`
--

CREATE TABLE `products` (
  `id` bigint(20) NOT NULL,
  `category_id` int(10) DEFAULT NULL,
  `sku` varchar(32) DEFAULT NULL,
  `name` varchar(191) NOT NULL,
  `description` varchar(191) DEFAULT NULL,
  `picture_name` varchar(191) DEFAULT NULL,
  `price` decimal(10,2) NOT NULL,
  `current_discount` decimal(8,2) DEFAULT 0.00,
  `stock` int(10) NOT NULL,
  `product_unit` varchar(32) DEFAULT NULL,
  `is_available` tinyint(1) DEFAULT 1,
  `add_date` datetime DEFAULT NULL
) ENGINE=InnoDB DEFAULT CHARSET=utf8mb4;

--
-- Dumping data for table `products`
--

INSERT INTO `products` (`id`, `category_id`, `sku`, `name`, `description`, `picture_name`, `price`, `current_discount`, `stock`, `product_unit`, `is_available`, `add_date`) VALUES
(1, 1, 'CT202201', 'StrawberryConverse Chuck 70 At-Cx Future Comfort Men\'s Sneakers - Cream', 'MODEL ANEH TEBAL BAGIAN BAWAH', 'product_01.jpg', '1599000.00', '0.00', 7, 'Kg', 1, '2022-08-10 15:02:52'),
(2, 1, 'CN202202', 'Converse RUN STAR HIKE Unisex Sneakers Shoes - WHITE/BLACK/GUM', 'COCOK BUAT SULTAN', 'product_02.jpg', '2199000.00', '0.00', 5, 'Pcs', 1, '2022-08-10 15:03:40'),
(3, 1, 'CT202203', 'Converse Chuck 70 At-Cx Future Comfort Men\'s Sneakers - Grey', '70AN DENGAN KONSEP MASA DEPAN', 'product_03.jpg', '1599000.00', '479700.00', 8, 'Pcs', 1, '2022-08-10 19:36:30'),
(4, 1, 'CT202204', 'Converse RUN STAR HIKE Unisex Sneakers Shoes - WHITE/BLACK/GUM', 'SEMUA GENDER DENGAN TIPE KHUSUS UNTUK RUNNING', 'product_04.jpg', '1599000.00', '0.00', 5, 'Pcs', 1, '2022-08-10 19:36:51'),
(5, 1, 'CT202205', 'Converse Aeon Active Cx Desert Neutral Men\'s Sneakers - Brown', 'BERLARI TANPA HENTI MENGEJAR MIMPI', 'product_05.jpg', '2199000.00', '0.00', 5, 'Pcs', 1, '2022-08-10 19:38:05'),
(6, 1, 'CT202206', 'Converse RUN STAR HIKE Unisex Sneakers Shoes - WHITE/BLACK/GUM', 'BERLARI DENGAN PENUH GAYA MENGGODA WANITA DAN PRIA', 'product_06.jpg', '1599000.00', '0.00', 10, 'Pcs', 1, '2022-08-10 15:13:51'),
(7, 2, 'CN202207', 'Converse Chuck Taylor Alt Star Tear Away Men\'s Sneakers - Natural', 'SEPATU TAHUN 70 COCOK UNTUK COWOK MACAM DYLAN', 'product_07.jpg', '1199000.00', '359700.00', 10, 'Pcs', 1, '2022-11-20 14:37:14'),
(8, 2, 'CN202208', 'Converse Chuck 70 Ox Unisex Sneakers Shoes - Sunflower/Black/Egret', 'MODEL 70AN COCOK SEMUA GENDER', 'product_08.jpg', '999000.00', '0.00', 15, 'Pcs', 1, '2022-11-20 14:37:14'),
(9, 2, 'CN202209', 'CONVERSE WOMEN\'S CHUCK TAYLOR ALL STAR CANVAS PLATFORM SNEAKERS - WHITE/GARNET/NAVY', 'COCOK BAGI WANITA YANG SUKA SNEAKER PUTIH BISA DI CUSTOM SENDIRI', 'product_09.jpg', '1099000.00', '0.00', 10, 'Pcs', 1, '2022-11-20 14:50:26'),
(10, 2, 'CN202210', 'CONVERSE CHUCK 70 PAINT SPLATTER MEN\'S SNEAKERS - BLACK', 'BERCORAK CORAK MACAM RAWRRR', 'product_10.jpg', '1200000.00', '389700.00', 4, 'Pcs', 1, '2022-11-20 15:20:58'),
(11, 2, 'CN202211', 'Converse Run Star Hike Millennium Glam Platform Womens Sneakers - Pink', 'PINK GIRL WAJIB PUNYA', 'product_11.jpg', '1350000.00', '0.00', 3, 'Pcs', 1, '2022-11-20 15:20:58'),
(12, 2, 'CN202212', 'Converse Run Star Motion Future Comfort Womens Sneakers - Black', 'HITAM PEKAT NIGERIA', 'product_12.jpg', '1400000.00', '0.00', 6, 'Pcs', 1, '2022-11-20 15:25:22');

-- --------------------------------------------------------

--
-- Table structure for table `product_category`
--

CREATE TABLE `product_category` (
  `id` int(10) NOT NULL,
  `name` varchar(191) NOT NULL
) ENGINE=InnoDB DEFAULT CHARSET=utf8mb4;

--
-- Dumping data for table `product_category`
--

INSERT INTO `product_category` (`id`, `name`) VALUES
(1, 'Converse Trend'),
(2, 'Converse New');

-- --------------------------------------------------------

--
-- Table structure for table `reviews`
--

CREATE TABLE `reviews` (
  `id` bigint(20) NOT NULL,
  `user_id` bigint(20) UNSIGNED DEFAULT NULL,
  `order_id` bigint(20) DEFAULT NULL,
  `title` varchar(191) DEFAULT NULL,
  `review_text` mediumtext NOT NULL,
  `review_date` datetime NOT NULL,
  `status` tinyint(1) NOT NULL DEFAULT 1
) ENGINE=InnoDB DEFAULT CHARSET=utf8mb4;

-- --------------------------------------------------------

--
-- Table structure for table `settings`
--

CREATE TABLE `settings` (
  `id` int(10) NOT NULL,
  `key` varchar(32) NOT NULL,
  `content` text NOT NULL
) ENGINE=InnoDB DEFAULT CHARSET=utf8mb4;

--
-- Dumping data for table `settings`
--

INSERT INTO `settings` (`id`, `key`, `content`) VALUES
(1, 'current_theme_name', 'Converse'),
(2, 'store_name', 'Converse'),
(3, 'store_phone_number', '(+62) 812-3559-5153'),
(4, 'store_email', 'converse@gmail.com'),
(5, 'store_tagline', 'Converse for comfort'),
(6, 'store_logo', 'Logo.jpg'),
(7, 'max_product_image_size', '20000'),
(8, 'store_description', 'Belanja Online untuk Sepatu, Pakaian & Aksesoris Converse untuk Pria, Wanita dan Anak-Anak'),
(9, 'store_address', 'Boston, Massachusetts, U.S.'),
(10, 'min_shop_to_free_shipping_cost', '1500000'),
(11, 'shipping_cost', '25000'),
(12, 'payment_banks', '{\"bank-mandiri-xx\":{\"bank\":\"BANK MANDIRI\",\"number\":\"2408-1994-2004\",\"name\":\"Muhammad Daniel Krisna Halim Putra\"},\"bank-bni\":{\"bank\":\"BANK BNI\",\"number\":\"3108-1994-2004\",\"name\":\"Muhammad Daniel Krisna Halim Putra\"},\"bank-jatim\":{\"bank\":\"BANK JATIM\",\"number\":\"1008-2001-2003\",\"name\":\"Muhammad Daniel Krisna Halim Putra\"}}');

-- --------------------------------------------------------

--
-- Table structure for table `users`
--

CREATE TABLE `users` (
  `id` bigint(20) UNSIGNED NOT NULL,
  `name` varchar(50) COLLATE utf8mb4_unicode_ci DEFAULT NULL,
  `email` varchar(191) COLLATE utf8mb4_unicode_ci NOT NULL,
  `email_verified_at` timestamp NULL DEFAULT NULL,
  `username` varchar(16) COLLATE utf8mb4_unicode_ci NOT NULL,
  `password` varchar(191) COLLATE utf8mb4_unicode_ci NOT NULL,
  `profile_picture` varchar(128) COLLATE utf8mb4_unicode_ci DEFAULT NULL,
  `role` varchar(32) COLLATE utf8mb4_unicode_ci DEFAULT '0' COMMENT '1 = admin, 2 = customer',
  `register_date` datetime DEFAULT NULL
) ENGINE=InnoDB DEFAULT CHARSET=utf8mb4 COLLATE=utf8mb4_unicode_ci;

--
-- Dumping data for table `users`
--

INSERT INTO `users` (`id`, `name`, `email`, `email_verified_at`, `username`, `password`, `profile_picture`, `role`, `register_date`) VALUES
(1, 'Admin Converse', 'admin@local.test', NULL, 'admin', '$2y$10$Brm3RNWFKvZ1e0ej1vBz9.QbFMW21q0l/iDSt5aDOoGj9zlLFuxh6', 'agung1.png', 'admin', NULL),
(2, 'Customer Converse', 'customer@local.test', NULL, 'customer', '$2y$10$6C/A5Yy1gt4yhStWDWN1M.isBaznzDc.MZJdIj7UddW3.qIX5vDvK', NULL, 'customer', '2020-03-29 08:14:30'),
(8, NULL, 'martinms.za@gmail.com', NULL, 'test', '$2y$10$gj4QxFnTj0dlpwJvT4aJiOM5UW6uCt7MdafC6VrnqsKDi0/JKmsLS', NULL, 'customer', '2021-05-07 10:25:08');

--
-- Indexes for dumped tables
--

--
-- Indexes for table `ci_sessions`
--
ALTER TABLE `ci_sessions`
  ADD KEY `ci_sessions_timestamp` (`timestamp`);

--
-- Indexes for table `contacts`
--
ALTER TABLE `contacts`
  ADD PRIMARY KEY (`id`),
  ADD KEY `FK_contacts_contacts` (`parent_id`);

--
-- Indexes for table `coupons`
--
ALTER TABLE `coupons`
  ADD PRIMARY KEY (`id`);

--
-- Indexes for table `customers`
--
ALTER TABLE `customers`
  ADD PRIMARY KEY (`id`),
  ADD KEY `FK_customers_users` (`user_id`);

--
-- Indexes for table `orders`
--
ALTER TABLE `orders`
  ADD PRIMARY KEY (`id`),
  ADD KEY `FK_orders_users` (`user_id`),
  ADD KEY `FK_orders_coupons` (`coupon_id`);

--
-- Indexes for table `order_items`
--
ALTER TABLE `order_items`
  ADD PRIMARY KEY (`id`),
  ADD KEY `order_id` (`order_id`),
  ADD KEY `product_id` (`product_id`);

--
-- Indexes for table `payments`
--
ALTER TABLE `payments`
  ADD PRIMARY KEY (`id`),
  ADD KEY `order_id` (`order_id`);

--
-- Indexes for table `products`
--
ALTER TABLE `products`
  ADD PRIMARY KEY (`id`),
  ADD KEY `FK_products_product_category` (`category_id`);

--
-- Indexes for table `product_category`
--
ALTER TABLE `product_category`
  ADD PRIMARY KEY (`id`);

--
-- Indexes for table `reviews`
--
ALTER TABLE `reviews`
  ADD PRIMARY KEY (`id`),
  ADD KEY `FK_reviews_users` (`user_id`),
  ADD KEY `FK_reviews_orders` (`order_id`);

--
-- Indexes for table `settings`
--
ALTER TABLE `settings`
  ADD PRIMARY KEY (`id`) USING BTREE;

--
-- Indexes for table `users`
--
ALTER TABLE `users`
  ADD PRIMARY KEY (`id`) USING BTREE,
  ADD UNIQUE KEY `users_email_unique` (`email`) USING BTREE;

--
-- AUTO_INCREMENT for dumped tables
--

--
-- AUTO_INCREMENT for table `contacts`
--
ALTER TABLE `contacts`
  MODIFY `id` int(10) NOT NULL AUTO_INCREMENT, AUTO_INCREMENT=3;

--
-- AUTO_INCREMENT for table `coupons`
--
ALTER TABLE `coupons`
  MODIFY `id` bigint(20) NOT NULL AUTO_INCREMENT, AUTO_INCREMENT=6;

--
-- AUTO_INCREMENT for table `customers`
--
ALTER TABLE `customers`
  MODIFY `id` bigint(20) NOT NULL AUTO_INCREMENT, AUTO_INCREMENT=8;

--
-- AUTO_INCREMENT for table `orders`
--
ALTER TABLE `orders`
  MODIFY `id` bigint(20) NOT NULL AUTO_INCREMENT, AUTO_INCREMENT=15;

--
-- AUTO_INCREMENT for table `order_items`
--
ALTER TABLE `order_items`
  MODIFY `id` bigint(20) NOT NULL AUTO_INCREMENT;

--
-- AUTO_INCREMENT for table `payments`
--
ALTER TABLE `payments`
  MODIFY `id` bigint(20) NOT NULL AUTO_INCREMENT, AUTO_INCREMENT=8;

--
-- AUTO_INCREMENT for table `products`
--
ALTER TABLE `products`
  MODIFY `id` bigint(20) NOT NULL AUTO_INCREMENT, AUTO_INCREMENT=15;

--
-- AUTO_INCREMENT for table `product_category`
--
ALTER TABLE `product_category`
  MODIFY `id` int(10) NOT NULL AUTO_INCREMENT, AUTO_INCREMENT=9;

--
-- AUTO_INCREMENT for table `reviews`
--
ALTER TABLE `reviews`
  MODIFY `id` bigint(20) NOT NULL AUTO_INCREMENT, AUTO_INCREMENT=4;

--
-- AUTO_INCREMENT for table `settings`
--
ALTER TABLE `settings`
  MODIFY `id` int(10) NOT NULL AUTO_INCREMENT, AUTO_INCREMENT=13;

--
-- AUTO_INCREMENT for table `users`
--
ALTER TABLE `users`
  MODIFY `id` bigint(20) UNSIGNED NOT NULL AUTO_INCREMENT, AUTO_INCREMENT=9;

--
-- Constraints for dumped tables
--

--
-- Constraints for table `contacts`
--
ALTER TABLE `contacts`
  ADD CONSTRAINT `FK_contacts_contacts` FOREIGN KEY (`parent_id`) REFERENCES `contacts` (`id`) ON DELETE CASCADE ON UPDATE NO ACTION;

--
-- Constraints for table `customers`
--
ALTER TABLE `customers`
  ADD CONSTRAINT `FK_customers_users` FOREIGN KEY (`user_id`) REFERENCES `users` (`id`) ON DELETE NO ACTION ON UPDATE CASCADE;

--
-- Constraints for table `orders`
--
ALTER TABLE `orders`
  ADD CONSTRAINT `FK_orders_coupons` FOREIGN KEY (`coupon_id`) REFERENCES `coupons` (`id`) ON DELETE SET NULL ON UPDATE CASCADE,
  ADD CONSTRAINT `FK_orders_users` FOREIGN KEY (`user_id`) REFERENCES `users` (`id`) ON DELETE NO ACTION ON UPDATE CASCADE;

--
-- Constraints for table `order_items`
--
ALTER TABLE `order_items`
  ADD CONSTRAINT `order_items_ibfk_1` FOREIGN KEY (`order_id`) REFERENCES `orders` (`id`) ON DELETE CASCADE ON UPDATE NO ACTION,
  ADD CONSTRAINT `order_items_ibfk_2` FOREIGN KEY (`product_id`) REFERENCES `products` (`id`) ON DELETE CASCADE ON UPDATE NO ACTION;
COMMIT;

/*!40101 SET CHARACTER_SET_CLIENT=@OLD_CHARACTER_SET_CLIENT */;
/*!40101 SET CHARACTER_SET_RESULTS=@OLD_CHARACTER_SET_RESULTS */;
/*!40101 SET COLLATION_CONNECTION=@OLD_COLLATION_CONNECTION */;
