-- phpMyAdmin SQL Dump
-- version 5.2.0
-- https://www.phpmyadmin.net/
--
-- Host: 127.0.0.1
-- Generation Time: Dec 07, 2022 at 07:37 AM
-- Server version: 10.4.25-MariaDB
-- PHP Version: 7.4.30

SET SQL_MODE = "NO_AUTO_VALUE_ON_ZERO";
START TRANSACTION;
SET time_zone = "+00:00";


/*!40101 SET @OLD_CHARACTER_SET_CLIENT=@@CHARACTER_SET_CLIENT */;
/*!40101 SET @OLD_CHARACTER_SET_RESULTS=@@CHARACTER_SET_RESULTS */;
/*!40101 SET @OLD_COLLATION_CONNECTION=@@COLLATION_CONNECTION */;
/*!40101 SET NAMES utf8mb4 */;

--
-- Database: `ecommerce`
--

-- --------------------------------------------------------

--
-- Table structure for table `ci_sessions`
--

CREATE TABLE `ci_sessions` (
  `id` varchar(128) NOT NULL,
  `ip_address` varchar(45) NOT NULL,
  `timestamp` int(10) UNSIGNED NOT NULL DEFAULT 0,
  `data` blob NOT NULL
) ENGINE=InnoDB DEFAULT CHARSET=utf8mb4;

--
-- Dumping data for table `ci_sessions`
--

INSERT INTO `ci_sessions` (`id`, `ip_address`, `timestamp`, `data`) VALUES
('nh2h85rl0sug37e8dtcfgqrc4d7o9c27', '::1', 1619971464, 0x5f5f63695f6c6173745f726567656e65726174657c693a313631393937313436343b),
('p1r5m6ad0gho44noleiu3vf40sq4qbk7', '::1', 1619973639, 0x5f5f63695f6c6173745f726567656e65726174657c693a313631393937333633393b),
('glb8ltfrvc6r0uoa4ivpihqs526o8v3p', '::1', 1619974000, 0x5f5f63695f6c6173745f726567656e65726174657c693a313631393937343030303b7265646972656374696f6e7c4e3b),
('60pa6bnm27hl15arm4qfdnsrj216sac1', '::1', 1619974607, 0x5f5f63695f6c6173745f726567656e65726174657c693a313631393937343630373b7265646972656374696f6e7c4e3b5f5f4143544956455f53455353494f4e5f444154417c733a3235363a2262643634333163646339353634393364663062346535643131663436343638333237666630393330373062626637303634616266323434383334656332383433653831313035333438623631306435306131333663333465373161346163346135633531373031626639383465613730623966353436646236326634313432354e577a71446f3946392f72545037444a4b4733506e4a4e713174544e7157714f6c64544649334c6e4454675545444f504976775933714d4e337670777a556758714e645a66715a44576e722f6b414679506b652b69744670384635655448476c512b4777644f776f714b39335a4e3175364334506f363847445a545162766d33223b),
('6jj4htoa08uds4ipl88oar78uib9mic0', '::1', 1619974947, 0x5f5f63695f6c6173745f726567656e65726174657c693a313631393937343934373b5f5f4143544956455f53455353494f4e5f444154417c733a3235363a22616334633737653032653531663034653162616331313633303932623438313430323964623666316232303566326331616561616462303335643339616631363036393233643762663264373364363138323536613965323266623737343336356631353165313235346333396236386466393062336662646531343337396561412f67454149716b575a304e325435584a4175534952344244776b6638584241723876524e3468434a77505576485462654379423430346c334b732f496b4b436e4d4d357a707558454b7836627943587737757650527a31396e735a595173312b6e526d6c74687033694e5853363531446c2b336e7971344a674d4b704c45223b),
('mkpfag5t076lvkraup4j1hl4er3sjbn0', '::1', 1619975084, 0x5f5f63695f6c6173745f726567656e65726174657c693a313631393937343934373b5f5f4143544956455f53455353494f4e5f444154417c733a3235363a2231613663363865316538623564316534326531303630633737653562316266643763333736373065393063363730663131346430323337383430386437613938363833336134613431333139636561316662323730313236363938356337666261366561383739333461613935333965663865313638376265326365313662304b757a5653494c62434e73366f61427a776e3273505158574f7a45304e4a5857704a6d47506458786c643239527731394446585a546141563265755143516e6f4f667746666f31594249346b444d6964636f347845726f6a492f6c4e564b775249476d435a716831326e52547a5a74676738686d507554527442595946325062223b7265646972656374696f6e7c4e3b6f726465725f666c6173687c733a32363a2253746174757320626572686173696c2064697065726261727569223b5f5f63695f766172737c613a313a7b733a31313a226f726465725f666c617368223b733a333a226f6c64223b7d),
('ojam30rdjfof9fubdov3bdb48s0520i6', '127.0.0.1', 1619975089, 0x5f5f63695f6c6173745f726567656e65726174657c693a313631393937343936393b5f5f4143544956455f53455353494f4e5f444154417c733a3235363a223433336436373235323135626562616438303562366632383166656266306664396430356639656464306462613661643032303230353463323630303138323863633561383630333337323433393930346165653766616536306439646264646333616435383765366335333237643966356133323631626139373036643537365754705675797258396a4d4a306a73456e54744e4e48495771796136334c4c59432b4a5a586a58752b4555726b6c506738466c5856346d637a6763656546794134446741455570793746693857784e51336373745247526c366447704a7a72395573703745657139657633536759564a30586349627161464e326b4c397433223b),
('kgqhae3rr2r9cm1bhvk638dhf4c0o7nl', '::1', 1620051916, 0x5f5f63695f6c6173745f726567656e65726174657c693a313632303035313931363b5f5f4143544956455f53455353494f4e5f444154417c733a3235363a223339366463376662333664363165663566643835356232626439656466633563336366303539336436616634353038396162313561316533643339636233663632346330393464646136346430376338336530336534613536356438633337323062393338656231333666313861333966353732313239663538313839303333615154305146444843447942784b686c7076555a7a4953765a72426f353653584877726735646e7850615865766a576f464576414e795555567066654b30436a706f6f55726a687a626e7536413977484c322b412f7169324d4d784f74615670685841316c716a75306b555238304c6f3968457177656c3578474877674b2b71223b),
('6bausplen2lq1d009rgus6hv299i6svp', '::1', 1620052604, 0x5f5f63695f6c6173745f726567656e65726174657c693a313632303035323630343b5f5f4143544956455f53455353494f4e5f444154417c733a3235363a223339366463376662333664363165663566643835356232626439656466633563336366303539336436616634353038396162313561316533643339636233663632346330393464646136346430376338336530336534613536356438633337323062393338656231333666313861333966353732313239663538313839303333615154305146444843447942784b686c7076555a7a4953765a72426f353653584877726735646e7850615865766a576f464576414e795555567066654b30436a706f6f55726a687a626e7536413977484c322b412f7169324d4d784f74615670685841316c716a75306b555238304c6f3968457177656c3578474877674b2b71223b73657474696e67735f666c6173687c733a33303a2250656e6761747572616e20626572686173696c2064697065726261727569223b5f5f63695f766172737c613a313a7b733a31343a2273657474696e67735f666c617368223b733a333a226f6c64223b7d),
('c1n7ncbf2dlvmeqhjnrr307cjmfvc7r5', '::1', 1620052604, 0x5f5f63695f6c6173745f726567656e65726174657c693a313632303035323630343b5f5f4143544956455f53455353494f4e5f444154417c733a3235363a223339366463376662333664363165663566643835356232626439656466633563336366303539336436616634353038396162313561316533643339636233663632346330393464646136346430376338336530336534613536356438633337323062393338656231333666313861333966353732313239663538313839303333615154305146444843447942784b686c7076555a7a4953765a72426f353653584877726735646e7850615865766a576f464576414e795555567066654b30436a706f6f55726a687a626e7536413977484c322b412f7169324d4d784f74615670685841316c716a75306b555238304c6f3968457177656c3578474877674b2b71223b73657474696e67735f666c6173687c733a33303a2250656e6761747572616e20626572686173696c2064697065726261727569223b5f5f63695f766172737c613a313a7b733a31343a2273657474696e67735f666c617368223b733a333a226f6c64223b7d),
('vg1tu1jhp75b2u837uv1585em9rb1n3i', '::1', 1620094106, 0x5f5f63695f6c6173745f726567656e65726174657c693a313632303039343130363b5f5f4143544956455f53455353494f4e5f444154417c733a3235363a2232376365633962316662393434316330366364623036383132346630333364306562393334313864376361346163313337373265643238333564346330323462623135666261373434346539353764643034336631303230383363376432613561376632303730633134653833623734393131333864663230396462343937634a587259724948465657516a443877445547614d7478784256544672615956454430734530396f49486d553369696b77416c54723472663773726a4e4931523576316176544c48654a64736949696d5159424e4a6972794e5a78784968564634666d4261446a765a7439756c426d4d387955595a762f4a6c6838564a72763176223b),
('n54run55igev998b7234roh5e4kn9dah', '::1', 1620094427, 0x5f5f63695f6c6173745f726567656e65726174657c693a313632303039343432373b5f5f4143544956455f53455353494f4e5f444154417c733a3235363a2232376365633962316662393434316330366364623036383132346630333364306562393334313864376361346163313337373265643238333564346330323462623135666261373434346539353764643034336631303230383363376432613561376632303730633134653833623734393131333864663230396462343937634a587259724948465657516a443877445547614d7478784256544672615956454430734530396f49486d553369696b77416c54723472663773726a4e4931523576316176544c48654a64736949696d5159424e4a6972794e5a78784968564634666d4261446a765a7439756c426d4d387955595a762f4a6c6838564a72763176223b),
('i8d4edpmuripoalua25afphsmpa3fptm', '::1', 1620096086, 0x5f5f63695f6c6173745f726567656e65726174657c693a313632303039363038363b5f5f4143544956455f53455353494f4e5f444154417c733a3235363a2232376365633962316662393434316330366364623036383132346630333364306562393334313864376361346163313337373265643238333564346330323462623135666261373434346539353764643034336631303230383363376432613561376632303730633134653833623734393131333864663230396462343937634a587259724948465657516a443877445547614d7478784256544672615956454430734530396f49486d553369696b77416c54723472663773726a4e4931523576316176544c48654a64736949696d5159424e4a6972794e5a78784968564634666d4261446a765a7439756c426d4d387955595a762f4a6c6838564a72763176223b),
('qp76qqrj9epp0qdo3ab6tciakr12gl2h', '::1', 1620097330, 0x5f5f63695f6c6173745f726567656e65726174657c693a313632303039373333303b5f5f4143544956455f53455353494f4e5f444154417c733a3235363a2232376365633962316662393434316330366364623036383132346630333364306562393334313864376361346163313337373265643238333564346330323462623135666261373434346539353764643034336631303230383363376432613561376632303730633134653833623734393131333864663230396462343937634a587259724948465657516a443877445547614d7478784256544672615956454430734530396f49486d553369696b77416c54723472663773726a4e4931523576316176544c48654a64736949696d5159424e4a6972794e5a78784968564634666d4261446a765a7439756c426d4d387955595a762f4a6c6838564a72763176223b),
('d9ovji9rold82610pkd4c88gcagoa3hk', '::1', 1620097639, 0x5f5f63695f6c6173745f726567656e65726174657c693a313632303039373633393b5f5f4143544956455f53455353494f4e5f444154417c733a3235363a2232376365633962316662393434316330366364623036383132346630333364306562393334313864376361346163313337373265643238333564346330323462623135666261373434346539353764643034336631303230383363376432613561376632303730633134653833623734393131333864663230396462343937634a587259724948465657516a443877445547614d7478784256544672615956454430734530396f49486d553369696b77416c54723472663773726a4e4931523576316176544c48654a64736949696d5159424e4a6972794e5a78784968564634666d4261446a765a7439756c426d4d387955595a762f4a6c6838564a72763176223b73657474696e67735f666c6173687c733a33303a2250656e6761747572616e20626572686173696c2064697065726261727569223b5f5f63695f766172737c613a313a7b733a31343a2273657474696e67735f666c617368223b733a333a226f6c64223b7d),
('399156cef2ub2g1ij0ohbjlue6s56hv3', '::1', 1620097962, 0x5f5f63695f6c6173745f726567656e65726174657c693a313632303039373936323b5f5f4143544956455f53455353494f4e5f444154417c733a3235363a2232376365633962316662393434316330366364623036383132346630333364306562393334313864376361346163313337373265643238333564346330323462623135666261373434346539353764643034336631303230383363376432613561376632303730633134653833623734393131333864663230396462343937634a587259724948465657516a443877445547614d7478784256544672615956454430734530396f49486d553369696b77416c54723472663773726a4e4931523576316176544c48654a64736949696d5159424e4a6972794e5a78784968564634666d4261446a765a7439756c426d4d387955595a762f4a6c6838564a72763176223b),
('fnpaf4ou2novdoe3avvcu9s8okgtfned', '::1', 1620098306, 0x5f5f63695f6c6173745f726567656e65726174657c693a313632303039383330363b5f5f4143544956455f53455353494f4e5f444154417c733a3235363a2232376365633962316662393434316330366364623036383132346630333364306562393334313864376361346163313337373265643238333564346330323462623135666261373434346539353764643034336631303230383363376432613561376632303730633134653833623734393131333864663230396462343937634a587259724948465657516a443877445547614d7478784256544672615956454430734530396f49486d553369696b77416c54723472663773726a4e4931523576316176544c48654a64736949696d5159424e4a6972794e5a78784968564634666d4261446a765a7439756c426d4d387955595a762f4a6c6838564a72763176223b),
('tk0lepabupisnsm9ootaita0qqc62p91', '::1', 1620098699, 0x5f5f63695f6c6173745f726567656e65726174657c693a313632303039383639393b5f5f4143544956455f53455353494f4e5f444154417c733a3235363a2232376365633962316662393434316330366364623036383132346630333364306562393334313864376361346163313337373265643238333564346330323462623135666261373434346539353764643034336631303230383363376432613561376632303730633134653833623734393131333864663230396462343937634a587259724948465657516a443877445547614d7478784256544672615956454430734530396f49486d553369696b77416c54723472663773726a4e4931523576316176544c48654a64736949696d5159424e4a6972794e5a78784968564634666d4261446a765a7439756c426d4d387955595a762f4a6c6838564a72763176223b),
('k9su0adh49iecbfcjj69ahr8cndu6m8g', '::1', 1620100655, 0x5f5f63695f6c6173745f726567656e65726174657c693a313632303130303635353b5f5f4143544956455f53455353494f4e5f444154417c733a3235363a2232376365633962316662393434316330366364623036383132346630333364306562393334313864376361346163313337373265643238333564346330323462623135666261373434346539353764643034336631303230383363376432613561376632303730633134653833623734393131333864663230396462343937634a587259724948465657516a443877445547614d7478784256544672615956454430734530396f49486d553369696b77416c54723472663773726a4e4931523576316176544c48654a64736949696d5159424e4a6972794e5a78784968564634666d4261446a765a7439756c426d4d387955595a762f4a6c6838564a72763176223b73657474696e67735f666c6173687c733a32373a22426572686173696c206d656e616d62616820646174612062616e6b223b5f5f63695f766172737c613a313a7b733a31343a2273657474696e67735f666c617368223b733a333a226f6c64223b7d),
('brgcc1qnr7dlgabsccshm9figm81rdip', '::1', 1620099000, 0x5f5f63695f6c6173745f726567656e65726174657c693a313632303039393030303b5f5f4143544956455f53455353494f4e5f444154417c733a3235363a2232376365633962316662393434316330366364623036383132346630333364306562393334313864376361346163313337373265643238333564346330323462623135666261373434346539353764643034336631303230383363376432613561376632303730633134653833623734393131333864663230396462343937634a587259724948465657516a443877445547614d7478784256544672615956454430734530396f49486d553369696b77416c54723472663773726a4e4931523576316176544c48654a64736949696d5159424e4a6972794e5a78784968564634666d4261446a765a7439756c426d4d387955595a762f4a6c6838564a72763176223b73657474696e67735f666c6173687c733a33303a2250656e6761747572616e20626572686173696c2064697065726261727569223b5f5f63695f766172737c613a313a7b733a31343a2273657474696e67735f666c617368223b733a333a226e6577223b7d),
('1og7pgtc34a46idost0uuhifdm3nhd50', '127.0.0.1', 1620099383, 0x5f5f63695f6c6173745f726567656e65726174657c693a313632303039393338333b5f5f4143544956455f53455353494f4e5f444154417c733a3235363a2237623937663132313139616232376131383832313665336435613662316237333033363930333932373637393631333039323266356234666135633839663562326136396265393134656539383030373330373737366666303233633738646332656538386566376436376363633435663834373364343630633865656533656a526c55526651396d414c532b6f54416c4164345a62646e47516e6479522f70376a3066454778384e6b4c376c6b3768793651384b38544353754e68524167664330782b7366704d785471796e774d617676754247356d73305a512b4d53655470466f6e5464392b69564b306d5450516b332f4f6b6f532b3562327042693567223b),
('55jumuo7gblbhpdtrma4hvipgdu7d8pb', '127.0.0.1', 1620099574, 0x5f5f63695f6c6173745f726567656e65726174657c693a313632303039393338333b5f5f4143544956455f53455353494f4e5f444154417c733a3235363a2237623937663132313139616232376131383832313665336435613662316237333033363930333932373637393631333039323266356234666135633839663562326136396265393134656539383030373330373737366666303233633738646332656538386566376436376363633435663834373364343630633865656533656a526c55526651396d414c532b6f54416c4164345a62646e47516e6479522f70376a3066454778384e6b4c376c6b3768793651384b38544353754e68524167664330782b7366704d785471796e774d617676754247356d73305a512b4d53655470466f6e5464392b69564b306d5450516b332f4f6b6f532b3562327042693567223b),
('tp8h1r0gn8sm6elk9lkqr67adpcvdggm', '::1', 1620101053, 0x5f5f63695f6c6173745f726567656e65726174657c693a313632303130313035333b5f5f4143544956455f53455353494f4e5f444154417c733a3235363a2232376365633962316662393434316330366364623036383132346630333364306562393334313864376361346163313337373265643238333564346330323462623135666261373434346539353764643034336631303230383363376432613561376632303730633134653833623734393131333864663230396462343937634a587259724948465657516a443877445547614d7478784256544672615956454430734530396f49486d553369696b77416c54723472663773726a4e4931523576316176544c48654a64736949696d5159424e4a6972794e5a78784968564634666d4261446a765a7439756c426d4d387955595a762f4a6c6838564a72763176223b),
('ngm7k6q3b26bjk4enrr6thi61h71828c', '::1', 1620101054, 0x5f5f63695f6c6173745f726567656e65726174657c693a313632303130313035333b5f5f4143544956455f53455353494f4e5f444154417c733a3235363a2232376365633962316662393434316330366364623036383132346630333364306562393334313864376361346163313337373265643238333564346330323462623135666261373434346539353764643034336631303230383363376432613561376632303730633134653833623734393131333864663230396462343937634a587259724948465657516a443877445547614d7478784256544672615956454430734530396f49486d553369696b77416c54723472663773726a4e4931523576316176544c48654a64736949696d5159424e4a6972794e5a78784968564634666d4261446a765a7439756c426d4d387955595a762f4a6c6838564a72763176223b),
('vpsu99i6o6vq66d3hmdr4dqrv3rr6lju', '127.0.0.1', 1620357908, 0x5f5f63695f6c6173745f726567656e65726174657c693a313632303335373635353b5f5f4143544956455f53455353494f4e5f444154417c733a3235363a2234626236343332613561386464326366353037663064613834663436306234393461363565313266623635316630663364623163633930363434376236333461366137623830363861376663353365383235366266666461343231613539363338333163303538393136376531356365663436373266643861386232383361636b4748786630466f59636b3267334d4d42594f552b51715735437a4d546d56673841636656692f4d326d2b75426a70585069557745452b495a6c6169564658726157536f6b6e343038714d48597652476e76304d6d565477454253684452615339774e5653304d764b67326c78746269732f6e324a374a4c73534b3554705653223b73746f72655f666c6173687c733a32363a2250656e646166746172616e20616b756e20626572686173696c21223b5f5f63695f766172737c613a313a7b733a31313a2273746f72655f666c617368223b733a333a226f6c64223b7d),
('nh2h85rl0sug37e8dtcfgqrc4d7o9c27', '::1', 1619971464, 0x5f5f63695f6c6173745f726567656e65726174657c693a313631393937313436343b),
('p1r5m6ad0gho44noleiu3vf40sq4qbk7', '::1', 1619973639, 0x5f5f63695f6c6173745f726567656e65726174657c693a313631393937333633393b),
('glb8ltfrvc6r0uoa4ivpihqs526o8v3p', '::1', 1619974000, 0x5f5f63695f6c6173745f726567656e65726174657c693a313631393937343030303b7265646972656374696f6e7c4e3b),
('60pa6bnm27hl15arm4qfdnsrj216sac1', '::1', 1619974607, 0x5f5f63695f6c6173745f726567656e65726174657c693a313631393937343630373b7265646972656374696f6e7c4e3b5f5f4143544956455f53455353494f4e5f444154417c733a3235363a2262643634333163646339353634393364663062346535643131663436343638333237666630393330373062626637303634616266323434383334656332383433653831313035333438623631306435306131333663333465373161346163346135633531373031626639383465613730623966353436646236326634313432354e577a71446f3946392f72545037444a4b4733506e4a4e713174544e7157714f6c64544649334c6e4454675545444f504976775933714d4e337670777a556758714e645a66715a44576e722f6b414679506b652b69744670384635655448476c512b4777644f776f714b39335a4e3175364334506f363847445a545162766d33223b),
('6jj4htoa08uds4ipl88oar78uib9mic0', '::1', 1619974947, 0x5f5f63695f6c6173745f726567656e65726174657c693a313631393937343934373b5f5f4143544956455f53455353494f4e5f444154417c733a3235363a22616334633737653032653531663034653162616331313633303932623438313430323964623666316232303566326331616561616462303335643339616631363036393233643762663264373364363138323536613965323266623737343336356631353165313235346333396236386466393062336662646531343337396561412f67454149716b575a304e325435584a4175534952344244776b6638584241723876524e3468434a77505576485462654379423430346c334b732f496b4b436e4d4d357a707558454b7836627943587737757650527a31396e735a595173312b6e526d6c74687033694e5853363531446c2b336e7971344a674d4b704c45223b),
('mkpfag5t076lvkraup4j1hl4er3sjbn0', '::1', 1619975084, 0x5f5f63695f6c6173745f726567656e65726174657c693a313631393937343934373b5f5f4143544956455f53455353494f4e5f444154417c733a3235363a2231613663363865316538623564316534326531303630633737653562316266643763333736373065393063363730663131346430323337383430386437613938363833336134613431333139636561316662323730313236363938356337666261366561383739333461613935333965663865313638376265326365313662304b757a5653494c62434e73366f61427a776e3273505158574f7a45304e4a5857704a6d47506458786c643239527731394446585a546141563265755143516e6f4f667746666f31594249346b444d6964636f347845726f6a492f6c4e564b775249476d435a716831326e52547a5a74676738686d507554527442595946325062223b7265646972656374696f6e7c4e3b6f726465725f666c6173687c733a32363a2253746174757320626572686173696c2064697065726261727569223b5f5f63695f766172737c613a313a7b733a31313a226f726465725f666c617368223b733a333a226f6c64223b7d),
('ojam30rdjfof9fubdov3bdb48s0520i6', '127.0.0.1', 1619975089, 0x5f5f63695f6c6173745f726567656e65726174657c693a313631393937343936393b5f5f4143544956455f53455353494f4e5f444154417c733a3235363a223433336436373235323135626562616438303562366632383166656266306664396430356639656464306462613661643032303230353463323630303138323863633561383630333337323433393930346165653766616536306439646264646333616435383765366335333237643966356133323631626139373036643537365754705675797258396a4d4a306a73456e54744e4e48495771796136334c4c59432b4a5a586a58752b4555726b6c506738466c5856346d637a6763656546794134446741455570793746693857784e51336373745247526c366447704a7a72395573703745657139657633536759564a30586349627161464e326b4c397433223b),
('kgqhae3rr2r9cm1bhvk638dhf4c0o7nl', '::1', 1620051916, 0x5f5f63695f6c6173745f726567656e65726174657c693a313632303035313931363b5f5f4143544956455f53455353494f4e5f444154417c733a3235363a223339366463376662333664363165663566643835356232626439656466633563336366303539336436616634353038396162313561316533643339636233663632346330393464646136346430376338336530336534613536356438633337323062393338656231333666313861333966353732313239663538313839303333615154305146444843447942784b686c7076555a7a4953765a72426f353653584877726735646e7850615865766a576f464576414e795555567066654b30436a706f6f55726a687a626e7536413977484c322b412f7169324d4d784f74615670685841316c716a75306b555238304c6f3968457177656c3578474877674b2b71223b),
('6bausplen2lq1d009rgus6hv299i6svp', '::1', 1620052604, 0x5f5f63695f6c6173745f726567656e65726174657c693a313632303035323630343b5f5f4143544956455f53455353494f4e5f444154417c733a3235363a223339366463376662333664363165663566643835356232626439656466633563336366303539336436616634353038396162313561316533643339636233663632346330393464646136346430376338336530336534613536356438633337323062393338656231333666313861333966353732313239663538313839303333615154305146444843447942784b686c7076555a7a4953765a72426f353653584877726735646e7850615865766a576f464576414e795555567066654b30436a706f6f55726a687a626e7536413977484c322b412f7169324d4d784f74615670685841316c716a75306b555238304c6f3968457177656c3578474877674b2b71223b73657474696e67735f666c6173687c733a33303a2250656e6761747572616e20626572686173696c2064697065726261727569223b5f5f63695f766172737c613a313a7b733a31343a2273657474696e67735f666c617368223b733a333a226f6c64223b7d),
('c1n7ncbf2dlvmeqhjnrr307cjmfvc7r5', '::1', 1620052604, 0x5f5f63695f6c6173745f726567656e65726174657c693a313632303035323630343b5f5f4143544956455f53455353494f4e5f444154417c733a3235363a223339366463376662333664363165663566643835356232626439656466633563336366303539336436616634353038396162313561316533643339636233663632346330393464646136346430376338336530336534613536356438633337323062393338656231333666313861333966353732313239663538313839303333615154305146444843447942784b686c7076555a7a4953765a72426f353653584877726735646e7850615865766a576f464576414e795555567066654b30436a706f6f55726a687a626e7536413977484c322b412f7169324d4d784f74615670685841316c716a75306b555238304c6f3968457177656c3578474877674b2b71223b73657474696e67735f666c6173687c733a33303a2250656e6761747572616e20626572686173696c2064697065726261727569223b5f5f63695f766172737c613a313a7b733a31343a2273657474696e67735f666c617368223b733a333a226f6c64223b7d),
('vg1tu1jhp75b2u837uv1585em9rb1n3i', '::1', 1620094106, 0x5f5f63695f6c6173745f726567656e65726174657c693a313632303039343130363b5f5f4143544956455f53455353494f4e5f444154417c733a3235363a2232376365633962316662393434316330366364623036383132346630333364306562393334313864376361346163313337373265643238333564346330323462623135666261373434346539353764643034336631303230383363376432613561376632303730633134653833623734393131333864663230396462343937634a587259724948465657516a443877445547614d7478784256544672615956454430734530396f49486d553369696b77416c54723472663773726a4e4931523576316176544c48654a64736949696d5159424e4a6972794e5a78784968564634666d4261446a765a7439756c426d4d387955595a762f4a6c6838564a72763176223b),
('n54run55igev998b7234roh5e4kn9dah', '::1', 1620094427, 0x5f5f63695f6c6173745f726567656e65726174657c693a313632303039343432373b5f5f4143544956455f53455353494f4e5f444154417c733a3235363a2232376365633962316662393434316330366364623036383132346630333364306562393334313864376361346163313337373265643238333564346330323462623135666261373434346539353764643034336631303230383363376432613561376632303730633134653833623734393131333864663230396462343937634a587259724948465657516a443877445547614d7478784256544672615956454430734530396f49486d553369696b77416c54723472663773726a4e4931523576316176544c48654a64736949696d5159424e4a6972794e5a78784968564634666d4261446a765a7439756c426d4d387955595a762f4a6c6838564a72763176223b),
('i8d4edpmuripoalua25afphsmpa3fptm', '::1', 1620096086, 0x5f5f63695f6c6173745f726567656e65726174657c693a313632303039363038363b5f5f4143544956455f53455353494f4e5f444154417c733a3235363a2232376365633962316662393434316330366364623036383132346630333364306562393334313864376361346163313337373265643238333564346330323462623135666261373434346539353764643034336631303230383363376432613561376632303730633134653833623734393131333864663230396462343937634a587259724948465657516a443877445547614d7478784256544672615956454430734530396f49486d553369696b77416c54723472663773726a4e4931523576316176544c48654a64736949696d5159424e4a6972794e5a78784968564634666d4261446a765a7439756c426d4d387955595a762f4a6c6838564a72763176223b),
('qp76qqrj9epp0qdo3ab6tciakr12gl2h', '::1', 1620097330, 0x5f5f63695f6c6173745f726567656e65726174657c693a313632303039373333303b5f5f4143544956455f53455353494f4e5f444154417c733a3235363a2232376365633962316662393434316330366364623036383132346630333364306562393334313864376361346163313337373265643238333564346330323462623135666261373434346539353764643034336631303230383363376432613561376632303730633134653833623734393131333864663230396462343937634a587259724948465657516a443877445547614d7478784256544672615956454430734530396f49486d553369696b77416c54723472663773726a4e4931523576316176544c48654a64736949696d5159424e4a6972794e5a78784968564634666d4261446a765a7439756c426d4d387955595a762f4a6c6838564a72763176223b),
('d9ovji9rold82610pkd4c88gcagoa3hk', '::1', 1620097639, 0x5f5f63695f6c6173745f726567656e65726174657c693a313632303039373633393b5f5f4143544956455f53455353494f4e5f444154417c733a3235363a2232376365633962316662393434316330366364623036383132346630333364306562393334313864376361346163313337373265643238333564346330323462623135666261373434346539353764643034336631303230383363376432613561376632303730633134653833623734393131333864663230396462343937634a587259724948465657516a443877445547614d7478784256544672615956454430734530396f49486d553369696b77416c54723472663773726a4e4931523576316176544c48654a64736949696d5159424e4a6972794e5a78784968564634666d4261446a765a7439756c426d4d387955595a762f4a6c6838564a72763176223b73657474696e67735f666c6173687c733a33303a2250656e6761747572616e20626572686173696c2064697065726261727569223b5f5f63695f766172737c613a313a7b733a31343a2273657474696e67735f666c617368223b733a333a226f6c64223b7d),
('399156cef2ub2g1ij0ohbjlue6s56hv3', '::1', 1620097962, 0x5f5f63695f6c6173745f726567656e65726174657c693a313632303039373936323b5f5f4143544956455f53455353494f4e5f444154417c733a3235363a2232376365633962316662393434316330366364623036383132346630333364306562393334313864376361346163313337373265643238333564346330323462623135666261373434346539353764643034336631303230383363376432613561376632303730633134653833623734393131333864663230396462343937634a587259724948465657516a443877445547614d7478784256544672615956454430734530396f49486d553369696b77416c54723472663773726a4e4931523576316176544c48654a64736949696d5159424e4a6972794e5a78784968564634666d4261446a765a7439756c426d4d387955595a762f4a6c6838564a72763176223b),
('fnpaf4ou2novdoe3avvcu9s8okgtfned', '::1', 1620098306, 0x5f5f63695f6c6173745f726567656e65726174657c693a313632303039383330363b5f5f4143544956455f53455353494f4e5f444154417c733a3235363a2232376365633962316662393434316330366364623036383132346630333364306562393334313864376361346163313337373265643238333564346330323462623135666261373434346539353764643034336631303230383363376432613561376632303730633134653833623734393131333864663230396462343937634a587259724948465657516a443877445547614d7478784256544672615956454430734530396f49486d553369696b77416c54723472663773726a4e4931523576316176544c48654a64736949696d5159424e4a6972794e5a78784968564634666d4261446a765a7439756c426d4d387955595a762f4a6c6838564a72763176223b),
('tk0lepabupisnsm9ootaita0qqc62p91', '::1', 1620098699, 0x5f5f63695f6c6173745f726567656e65726174657c693a313632303039383639393b5f5f4143544956455f53455353494f4e5f444154417c733a3235363a2232376365633962316662393434316330366364623036383132346630333364306562393334313864376361346163313337373265643238333564346330323462623135666261373434346539353764643034336631303230383363376432613561376632303730633134653833623734393131333864663230396462343937634a587259724948465657516a443877445547614d7478784256544672615956454430734530396f49486d553369696b77416c54723472663773726a4e4931523576316176544c48654a64736949696d5159424e4a6972794e5a78784968564634666d4261446a765a7439756c426d4d387955595a762f4a6c6838564a72763176223b),
('k9su0adh49iecbfcjj69ahr8cndu6m8g', '::1', 1620100655, 0x5f5f63695f6c6173745f726567656e65726174657c693a313632303130303635353b5f5f4143544956455f53455353494f4e5f444154417c733a3235363a2232376365633962316662393434316330366364623036383132346630333364306562393334313864376361346163313337373265643238333564346330323462623135666261373434346539353764643034336631303230383363376432613561376632303730633134653833623734393131333864663230396462343937634a587259724948465657516a443877445547614d7478784256544672615956454430734530396f49486d553369696b77416c54723472663773726a4e4931523576316176544c48654a64736949696d5159424e4a6972794e5a78784968564634666d4261446a765a7439756c426d4d387955595a762f4a6c6838564a72763176223b73657474696e67735f666c6173687c733a32373a22426572686173696c206d656e616d62616820646174612062616e6b223b5f5f63695f766172737c613a313a7b733a31343a2273657474696e67735f666c617368223b733a333a226f6c64223b7d),
('brgcc1qnr7dlgabsccshm9figm81rdip', '::1', 1620099000, 0x5f5f63695f6c6173745f726567656e65726174657c693a313632303039393030303b5f5f4143544956455f53455353494f4e5f444154417c733a3235363a2232376365633962316662393434316330366364623036383132346630333364306562393334313864376361346163313337373265643238333564346330323462623135666261373434346539353764643034336631303230383363376432613561376632303730633134653833623734393131333864663230396462343937634a587259724948465657516a443877445547614d7478784256544672615956454430734530396f49486d553369696b77416c54723472663773726a4e4931523576316176544c48654a64736949696d5159424e4a6972794e5a78784968564634666d4261446a765a7439756c426d4d387955595a762f4a6c6838564a72763176223b73657474696e67735f666c6173687c733a33303a2250656e6761747572616e20626572686173696c2064697065726261727569223b5f5f63695f766172737c613a313a7b733a31343a2273657474696e67735f666c617368223b733a333a226e6577223b7d),
('1og7pgtc34a46idost0uuhifdm3nhd50', '127.0.0.1', 1620099383, 0x5f5f63695f6c6173745f726567656e65726174657c693a313632303039393338333b5f5f4143544956455f53455353494f4e5f444154417c733a3235363a2237623937663132313139616232376131383832313665336435613662316237333033363930333932373637393631333039323266356234666135633839663562326136396265393134656539383030373330373737366666303233633738646332656538386566376436376363633435663834373364343630633865656533656a526c55526651396d414c532b6f54416c4164345a62646e47516e6479522f70376a3066454778384e6b4c376c6b3768793651384b38544353754e68524167664330782b7366704d785471796e774d617676754247356d73305a512b4d53655470466f6e5464392b69564b306d5450516b332f4f6b6f532b3562327042693567223b),
('55jumuo7gblbhpdtrma4hvipgdu7d8pb', '127.0.0.1', 1620099574, 0x5f5f63695f6c6173745f726567656e65726174657c693a313632303039393338333b5f5f4143544956455f53455353494f4e5f444154417c733a3235363a2237623937663132313139616232376131383832313665336435613662316237333033363930333932373637393631333039323266356234666135633839663562326136396265393134656539383030373330373737366666303233633738646332656538386566376436376363633435663834373364343630633865656533656a526c55526651396d414c532b6f54416c4164345a62646e47516e6479522f70376a3066454778384e6b4c376c6b3768793651384b38544353754e68524167664330782b7366704d785471796e774d617676754247356d73305a512b4d53655470466f6e5464392b69564b306d5450516b332f4f6b6f532b3562327042693567223b),
('tp8h1r0gn8sm6elk9lkqr67adpcvdggm', '::1', 1620101053, 0x5f5f63695f6c6173745f726567656e65726174657c693a313632303130313035333b5f5f4143544956455f53455353494f4e5f444154417c733a3235363a2232376365633962316662393434316330366364623036383132346630333364306562393334313864376361346163313337373265643238333564346330323462623135666261373434346539353764643034336631303230383363376432613561376632303730633134653833623734393131333864663230396462343937634a587259724948465657516a443877445547614d7478784256544672615956454430734530396f49486d553369696b77416c54723472663773726a4e4931523576316176544c48654a64736949696d5159424e4a6972794e5a78784968564634666d4261446a765a7439756c426d4d387955595a762f4a6c6838564a72763176223b),
('ngm7k6q3b26bjk4enrr6thi61h71828c', '::1', 1620101054, 0x5f5f63695f6c6173745f726567656e65726174657c693a313632303130313035333b5f5f4143544956455f53455353494f4e5f444154417c733a3235363a2232376365633962316662393434316330366364623036383132346630333364306562393334313864376361346163313337373265643238333564346330323462623135666261373434346539353764643034336631303230383363376432613561376632303730633134653833623734393131333864663230396462343937634a587259724948465657516a443877445547614d7478784256544672615956454430734530396f49486d553369696b77416c54723472663773726a4e4931523576316176544c48654a64736949696d5159424e4a6972794e5a78784968564634666d4261446a765a7439756c426d4d387955595a762f4a6c6838564a72763176223b),
('vpsu99i6o6vq66d3hmdr4dqrv3rr6lju', '127.0.0.1', 1620357908, 0x5f5f63695f6c6173745f726567656e65726174657c693a313632303335373635353b5f5f4143544956455f53455353494f4e5f444154417c733a3235363a2234626236343332613561386464326366353037663064613834663436306234393461363565313266623635316630663364623163633930363434376236333461366137623830363861376663353365383235366266666461343231613539363338333163303538393136376531356365663436373266643861386232383361636b4748786630466f59636b3267334d4d42594f552b51715735437a4d546d56673841636656692f4d326d2b75426a70585069557745452b495a6c6169564658726157536f6b6e343038714d48597652476e76304d6d565477454253684452615339774e5653304d764b67326c78746269732f6e324a374a4c73534b3554705653223b73746f72655f666c6173687c733a32363a2250656e646166746172616e20616b756e20626572686173696c21223b5f5f63695f766172737c613a313a7b733a31313a2273746f72655f666c617368223b733a333a226f6c64223b7d),
('l37ui0cqsaq9ggulcc2a95cc9rskkhb2', '::1', 1668929554, 0x5f5f63695f6c6173745f726567656e65726174657c693a313636383932393535343b),
('i3p0ejdmvcftflddf1s9n9nr7niu7gpm', '::1', 1668930478, 0x5f5f63695f6c6173745f726567656e65726174657c693a313636383933303437383b),
('tfq58fef2av553et1v2lofdn9i7j5e5o', '::1', 1668932243, 0x5f5f63695f6c6173745f726567656e65726174657c693a313636383933323234333b),
('f2enqibja7uis3cqhrgq61e18185g1tm', '::1', 1668932769, 0x5f5f63695f6c6173745f726567656e65726174657c693a313636383933323736393b),
('fud2t6sfudqtviii8mc1od1pkcuiko6q', '::1', 1668936714, 0x5f5f63695f6c6173745f726567656e65726174657c693a313636383933363731343b636172745f636f6e74656e74737c613a343a7b733a31303a22636172745f746f74616c223b643a323735303030303b733a31313a22746f74616c5f6974656d73223b643a323b733a33323a226332306164346437366665393737353961613237613063393962666636373130223b613a363a7b733a323a226964223b733a323a223132223b733a333a22717479223b643a313b733a353a227072696365223b643a313430303030303b733a343a226e616d65223b733a36333a22436f6e76657273652052756e2053746172204d6f74696f6e2046757475726520436f6d666f727420576f6d656e7320536e65616b657273202d20426c61636b223b733a353a22726f776964223b733a33323a226332306164346437366665393737353961613237613063393962666636373130223b733a383a22737562746f74616c223b643a313430303030303b7d733a33323a223635313262643433643963616136653032633939306230613832363532646361223b613a363a7b733a323a226964223b733a323a223131223b733a333a22717479223b643a313b733a353a227072696365223b643a313335303030303b733a343a226e616d65223b733a37303a22436f6e76657273652052756e20537461722048696b65204d696c6c656e6e69756d20476c616d20506c6174666f726d20576f6d656e7320536e65616b657273202d2050696e6b223b733a353a22726f776964223b733a33323a223635313262643433643963616136653032633939306230613832363532646361223b733a383a22737562746f74616c223b643a313335303030303b7d7d),
('o9mqcm5g9pv05mr1kh64b64709eseok9', '::1', 1668937059, 0x5f5f63695f6c6173745f726567656e65726174657c693a313636383933373035393b636172745f636f6e74656e74737c613a343a7b733a31303a22636172745f746f74616c223b643a343135303030303b733a31313a22746f74616c5f6974656d73223b643a333b733a33323a226332306164346437366665393737353961613237613063393962666636373130223b613a363a7b733a323a226964223b733a323a223132223b733a333a22717479223b643a323b733a353a227072696365223b643a313430303030303b733a343a226e616d65223b733a36333a22436f6e76657273652052756e2053746172204d6f74696f6e2046757475726520436f6d666f727420576f6d656e7320536e65616b657273202d20426c61636b223b733a353a22726f776964223b733a33323a226332306164346437366665393737353961613237613063393962666636373130223b733a383a22737562746f74616c223b643a323830303030303b7d733a33323a223635313262643433643963616136653032633939306230613832363532646361223b613a363a7b733a323a226964223b733a323a223131223b733a333a22717479223b643a313b733a353a227072696365223b643a313335303030303b733a343a226e616d65223b733a37303a22436f6e76657273652052756e20537461722048696b65204d696c6c656e6e69756d20476c616d20506c6174666f726d20576f6d656e7320536e65616b657273202d2050696e6b223b733a353a22726f776964223b733a33323a223635313262643433643963616136653032633939306230613832363532646361223b733a383a22737562746f74616c223b643a313335303030303b7d7d),
('ohsoqb3rdrvpr8kcr4p2atpbvk518o39', '::1', 1668937553, 0x5f5f63695f6c6173745f726567656e65726174657c693a313636383933373535333b5f5f4143544956455f53455353494f4e5f444154417c733a3235363a223362633765643337623463383765616163343038616234653536336563613465333537383032363632623735313830663034396131383130336264333662393730353539643738643034366232666130326433613838343263666431333562383831613235663338663537663633346335633265653365343736333463303038322b526a74624a654538786447546a347a524a4e7641455652706d72704875512f706253514669526b65465a4e5571636275472f4472547865514d58647364594169377737335749525143785646412f55495734433471436d7079782f62317a444a703072527144665671622f445135574e5a4d6f4c69757339575154696137223b6f726465725f666c6173687c733a32363a224f7264657220626572686173696c20646974616d6261686b616e223b5f5f63695f766172737c613a313a7b733a31313a226f726465725f666c617368223b733a333a226f6c64223b7d),
('a9a6vtap96pvbg4l9qq147n89nh8tfa5', '::1', 1668937911, 0x5f5f63695f6c6173745f726567656e65726174657c693a313636383933373931313b5f5f4143544956455f53455353494f4e5f444154417c733a3235363a223362633765643337623463383765616163343038616234653536336563613465333537383032363632623735313830663034396131383130336264333662393730353539643738643034366232666130326433613838343263666431333562383831613235663338663537663633346335633265653365343736333463303038322b526a74624a654538786447546a347a524a4e7641455652706d72704875512f706253514669526b65465a4e5571636275472f4472547865514d58647364594169377737335749525143785646412f55495734433471436d7079782f62317a444a703072527144665671622f445135574e5a4d6f4c69757339575154696137223b6f726465725f666c6173687c733a32363a224f7264657220626572686173696c20646974616d6261686b616e223b5f5f63695f766172737c613a313a7b733a31313a226f726465725f666c617368223b733a333a226f6c64223b7d),
('993o52trqp2h72kpm7stpnf58tbae77f', '::1', 1668938266, 0x5f5f63695f6c6173745f726567656e65726174657c693a313636383933383236363b5f5f4143544956455f53455353494f4e5f444154417c733a3235363a223362633765643337623463383765616163343038616234653536336563613465333537383032363632623735313830663034396131383130336264333662393730353539643738643034366232666130326433613838343263666431333562383831613235663338663537663633346335633265653365343736333463303038322b526a74624a654538786447546a347a524a4e7641455652706d72704875512f706253514669526b65465a4e5571636275472f4472547865514d58647364594169377737335749525143785646412f55495734433471436d7079782f62317a444a703072527144665671622f445135574e5a4d6f4c69757339575154696137223b),
('5t82bafl2tbvoi1mqtbk5ql7lj3lmodd', '::1', 1668939566, 0x5f5f63695f6c6173745f726567656e65726174657c693a313636383933393536363b5f5f4143544956455f53455353494f4e5f444154417c733a3235363a223362633765643337623463383765616163343038616234653536336563613465333537383032363632623735313830663034396131383130336264333662393730353539643738643034366232666130326433613838343263666431333562383831613235663338663537663633346335633265653365343736333463303038322b526a74624a654538786447546a347a524a4e7641455652706d72704875512f706253514669526b65465a4e5571636275472f4472547865514d58647364594169377737335749525143785646412f55495734433471436d7079782f62317a444a703072527144665671622f445135574e5a4d6f4c69757339575154696137223b),
('bk5vfmh7qn2en3iomf6149k9rgphp41k', '::1', 1668939869, 0x5f5f63695f6c6173745f726567656e65726174657c693a313636383933393836393b5f5f4143544956455f53455353494f4e5f444154417c733a3235363a223362633765643337623463383765616163343038616234653536336563613465333537383032363632623735313830663034396131383130336264333662393730353539643738643034366232666130326433613838343263666431333562383831613235663338663537663633346335633265653365343736333463303038322b526a74624a654538786447546a347a524a4e7641455652706d72704875512f706253514669526b65465a4e5571636275472f4472547865514d58647364594169377737335749525143785646412f55495734433471436d7079782f62317a444a703072527144665671622f445135574e5a4d6f4c69757339575154696137223b),
('djgpe7qsdeh0r1k5urd15id0j1b1sf6a', '::1', 1668940080, 0x5f5f63695f6c6173745f726567656e65726174657c693a313636383933393836393b7265646972656374696f6e7c4e3b5f5f4143544956455f53455353494f4e5f444154417c733a3235363a22336463303832326564376465663331323037313063336536616534626466336464316338353434393463313265653566383535316461386434613133366539626131653834323234363334656265393939623736633235383465336331356639353461333835646337633064313231383537663436643239616134656438653373724376556e76347548677779756b6a4e636f51476c6b72477a2f356e716657675863315445577a504737795055384b5363386672304a716937697131783164485979424172397a7a536b56346c69536e6747524d68734846302b635a5a3249357a7a4f5130644c6b6b2b334e4159646c2f6f6e674b7379775a6a3546415946223b),
('1vimfv4qn8s12r8bmoskont1t5ilj6g4', '::1', 1669655561, 0x5f5f63695f6c6173745f726567656e65726174657c693a313636393635353536313b),
('dkbepgjpcra1h46dg6fu259r89015spu', '::1', 1669656151, 0x5f5f63695f6c6173745f726567656e65726174657c693a313636393635363135313b5f5f4143544956455f53455353494f4e5f444154417c733a3235363a226335633962626531346435323738643533363965616632613231633532333538336664623562353632393463346238363736323530633066343935333738666266356364336430356530323935373135306538363565313865633634613363656164363535386338346566646232366434636564353665356362316361633161682b4451645258432b45546f774e61425a725432684266724634484b3575707967333173554a46482f4871356a535269624b4a626734375277594b357862775956577a494a6741684a446138366358305647384534577035525467516b686576664b53565331775a43754d455079712b63396a7a624465713644765444636e53223b),
('23hm488aaif6lssf7bin66b1kl0ug9e2', '::1', 1669656137, 0x5f5f63695f6c6173745f726567656e65726174657c693a313636393635353834353b7265646972656374696f6e7c4e3b5f5f4143544956455f53455353494f4e5f444154417c733a3235363a223365303638383736333464383837376130656465633936643830366139663665356237316632343630343862383232336333643532663434343266623662626166613831666630386661643764616435623866323664636231313162653065366439393766646266643634323032373636656130353235336535613834316331473762664757656a36542b5279656d654553445245433330395847467469664a74354652464e4a43647739653038422b63747339777846636d7141532b74732f6a374a7159554431616a724c53684d4169567741674449616853506236763138326f667543416153746e70617142594246314d6150324d6177644a5a78347842223b),
('uor5p8cr1pdchcoeiolcsa3k0d8gj6al', '::1', 1669656605, 0x5f5f63695f6c6173745f726567656e65726174657c693a313636393635363630353b5f5f4143544956455f53455353494f4e5f444154417c733a3235363a226335633962626531346435323738643533363965616632613231633532333538336664623562353632393463346238363736323530633066343935333738666266356364336430356530323935373135306538363565313865633634613363656164363535386338346566646232366434636564353665356362316361633161682b4451645258432b45546f774e61425a725432684266724634484b3575707967333173554a46482f4871356a535269624b4a626734375277594b357862775956577a494a6741684a446138366358305647384534577035525467516b686576664b53565331775a43754d455079712b63396a7a624465713644765444636e53223b),
('meo5t9r93nd9jpe5fdbn6fn4u4k5bchk', '::1', 1669656613, 0x5f5f63695f6c6173745f726567656e65726174657c693a313636393635363630353b7265646972656374696f6e7c4e3b5f5f4143544956455f53455353494f4e5f444154417c733a3235363a223965313261666630653635343837383239396536653666653531616336626162623537626661633739653662366335623462376430313034356562343966393064356636633236643362656332633236663365313835363033646632613965643364626139626632313666386637356163393465303531313664326232326534755a7935664a6a735749376b6669734c5a6f6d734e5357706e557867647230394268384e61376e3842414e50764d2b5845646c7772694973387471797354325944513666774c534d6749312f5869774c4979476a486b37616a564b683077645052436959323871457a76592b524f684c4b4a2b6c3830306466736176546c6768223b),
('brog2sv39vkpvngscftolsc3bq8okmmp', '::1', 1669683295, 0x5f5f63695f6c6173745f726567656e65726174657c693a313636393638333239353b7265646972656374696f6e7c733a36343a226148523063446f764c327876593246736147397a64433930623274764c3352766132387463324635645849766157356b5a586775634768774c32466b62576c75223b),
('9923r0umb9g9rkqrkl08velcn5v1ascq', '::1', 1669683611, 0x5f5f63695f6c6173745f726567656e65726174657c693a313636393638333631313b7265646972656374696f6e7c733a36343a226148523063446f764c327876593246736147397a64433930623274764c3352766132387463324635645849766157356b5a586775634768774c32466b62576c75223b),
('n5o4r5ctr2007ih8c8fs469ai5k9cea3', '::1', 1669683820, 0x5f5f63695f6c6173745f726567656e65726174657c693a313636393638333631313b7265646972656374696f6e7c733a36343a226148523063446f764c327876593246736147397a64433930623274764c3352766132387463324635645849766157356b5a586775634768774c32466b62576c75223b),
('tas19d5oeplurmbeba10t1g62vi2vlrd', '::1', 1669684193, 0x5f5f63695f6c6173745f726567656e65726174657c693a313636393638343139333b),
('ulc4i9gjg7ekmubjk5bjr2lt37nm4flt', '::1', 1669684918, 0x5f5f63695f6c6173745f726567656e65726174657c693a313636393638343931383b),
('nsd3349iuv85mcqfdua4tschsoq272t6', '::1', 1669685250, 0x5f5f63695f6c6173745f726567656e65726174657c693a313636393638353235303b),
('6hisv80a8ngf48gnk8jn908cpu9nh66d', '::1', 1669686382, 0x5f5f63695f6c6173745f726567656e65726174657c693a313636393638363338323b),
('kdri3mdrikrh4u5dknoob2870mtddtds', '::1', 1669686962, 0x5f5f63695f6c6173745f726567656e65726174657c693a313636393638363936323b),
('lugui9fboenuvh7qekikcru2gkc2u2sc', '::1', 1669687263, 0x5f5f63695f6c6173745f726567656e65726174657c693a313636393638373236333b),
('afg9eismscpf4vrb46vs7t6nramhns4b', '::1', 1669691692, 0x5f5f63695f6c6173745f726567656e65726174657c693a313636393639313639323b7265646972656374696f6e7c4e3b5f5f4143544956455f53455353494f4e5f444154417c733a3235363a2235646234333161613333313532626331653663613731656431633933313539306336653930616335353333383333623236663933373938626639623334626332396337343264376231623866373232363831323364613137333362643236303332346361616466303131393834303063356266613339336639353736636561644c3466736c61383673386c67564e68444364626272703535534c74584c4a2f4d424d536d4d483362774e674c38356d546a317967697659364245786b3575355262554a41335064506b70735259717944474a75616332636c77745a716d3436434679573665466966386a4c41304f544f5042424942412b337a2b526474453242223b),
('q11k1va9s0mskkvo98cf8p9n0hs9dh5h', '::1', 1669692596, 0x5f5f63695f6c6173745f726567656e65726174657c693a313636393639323539363b7265646972656374696f6e7c4e3b5f5f4143544956455f53455353494f4e5f444154417c733a3235363a2235646234333161613333313532626331653663613731656431633933313539306336653930616335353333383333623236663933373938626639623334626332396337343264376231623866373232363831323364613137333362643236303332346361616466303131393834303063356266613339336639353736636561644c3466736c61383673386c67564e68444364626272703535534c74584c4a2f4d424d536d4d483362774e674c38356d546a317967697659364245786b3575355262554a41335064506b70735259717944474a75616332636c77745a716d3436434679573665466966386a4c41304f544f5042424942412b337a2b526474453242223b),
('g2i37p6mrb9qn2viaaigttjpgnm0ura9', '::1', 1669692460, 0x5f5f63695f6c6173745f726567656e65726174657c693a313636393639323431383b5f5f4143544956455f53455353494f4e5f444154417c733a3235363a226666626464363734366362333932373237373238633639303161386532633636633438333961386430383633333533623064383661306430313339363830306362333663616535616139383365633664303639626334663766366163333437393434343836653735316565373532613731613665333331326634323163656535557a64634e5a52567777497051537075394877557153454a6b5150626178384972425863665264554f4f42645152494a6a4f764a633033477372594f624c31566b696d5558794555374947693966736f42673961504f6d424435302b646d676f363578514c77396d5356422b753270627542716b333077755342573161326470223b),
('gb3p8ogh8opj6hci3hjei2kcjp5cm6qi', '::1', 1669692606, 0x5f5f63695f6c6173745f726567656e65726174657c693a313636393639323539363b7265646972656374696f6e7c4e3b5f5f4143544956455f53455353494f4e5f444154417c733a3235363a2235646234333161613333313532626331653663613731656431633933313539306336653930616335353333383333623236663933373938626639623334626332396337343264376231623866373232363831323364613137333362643236303332346361616466303131393834303063356266613339336639353736636561644c3466736c61383673386c67564e68444364626272703535534c74584c4a2f4d424d536d4d483362774e674c38356d546a317967697659364245786b3575355262554a41335064506b70735259717944474a75616332636c77745a716d3436434679573665466966386a4c41304f544f5042424942412b337a2b526474453242223b);
INSERT INTO `ci_sessions` (`id`, `ip_address`, `timestamp`, `data`) VALUES
('6hqjbh7icgq5ilam9j6b860e31mbptkt', '::1', 1669795750, 0x5f5f63695f6c6173745f726567656e65726174657c693a313636393739353735303b),
('gsuv81h7u87f6unf6d0l89ff1paenc8i', '::1', 1669795769, 0x5f5f63695f6c6173745f726567656e65726174657c693a313636393739353735303b7265646972656374696f6e7c4e3b5f5f4143544956455f53455353494f4e5f444154417c733a3235363a2262383063396565313165623366313738653038383266316339393537326334313238356636326431313262633734643534366330326435313237306432386336653566643038383539323830343636366433386331393632643632653563363537373337653136373130333130303766346139626634646663376261653835397131666256785676782b3555504f5061312f733168456c374b7948464933366658366b6d6662506f543261324a794964794271536662377a744859393558764a4d4a4c423574353034794942726749563564667335766461446246726a44506a6d317346563537634d306e627241594b7374442f715a4f596948584b4e6f4971223b),
('5bmabfrerdeska6mnnvu4adq8h5oqk0e', '::1', 1669878218, 0x5f5f63695f6c6173745f726567656e65726174657c693a313636393837383231383b7265646972656374696f6e7c4e3b5f5f4143544956455f53455353494f4e5f444154417c733a3235363a22323433623561313732663737346439663565373565396435616132323361653062376632316666626138326436663830396237313332316635386138343438623431656538333730343638623532666461343964313861653966633430353261383233336335666237616637393139663331346338363831666163313431386544652b5a663363565a6b5976774f2b5350716d6d74754b355738674a37645a3943734554564f7a725646786e332b4c55747372772f4339746e5651392f634874785a3350677a75363650583367704b72373741763861414e6c6b5071375a436c6157524f7432654b5a41716e7a71314a3636345546384d634239767250757276223b),
('023g0onsfm9sf2e8sqlsajshim5fhpff', '::1', 1669879113, 0x5f5f63695f6c6173745f726567656e65726174657c693a313636393837393131333b7265646972656374696f6e7c4e3b5f5f4143544956455f53455353494f4e5f444154417c733a3235363a22323433623561313732663737346439663565373565396435616132323361653062376632316666626138326436663830396237313332316635386138343438623431656538333730343638623532666461343964313861653966633430353261383233336335666237616637393139663331346338363831666163313431386544652b5a663363565a6b5976774f2b5350716d6d74754b355738674a37645a3943734554564f7a725646786e332b4c55747372772f4339746e5651392f634874785a3350677a75363650583367704b72373741763861414e6c6b5071375a436c6157524f7432654b5a41716e7a71314a3636345546384d634239767250757276223b),
('us728mur8joali53s1lediqvmns7nj10', '::1', 1669879429, 0x5f5f63695f6c6173745f726567656e65726174657c693a313636393837393432393b7265646972656374696f6e7c4e3b5f5f4143544956455f53455353494f4e5f444154417c733a3235363a22323433623561313732663737346439663565373565396435616132323361653062376632316666626138326436663830396237313332316635386138343438623431656538333730343638623532666461343964313861653966633430353261383233336335666237616637393139663331346338363831666163313431386544652b5a663363565a6b5976774f2b5350716d6d74754b355738674a37645a3943734554564f7a725646786e332b4c55747372772f4339746e5651392f634874785a3350677a75363650583367704b72373741763861414e6c6b5071375a436c6157524f7432654b5a41716e7a71314a3636345546384d634239767250757276223b),
('aoimscdbsrgac3i3otk882porte8jpke', '::1', 1669881341, 0x5f5f63695f6c6173745f726567656e65726174657c693a313636393838313334313b7265646972656374696f6e7c4e3b5f5f4143544956455f53455353494f4e5f444154417c733a3235363a22323433623561313732663737346439663565373565396435616132323361653062376632316666626138326436663830396237313332316635386138343438623431656538333730343638623532666461343964313861653966633430353261383233336335666237616637393139663331346338363831666163313431386544652b5a663363565a6b5976774f2b5350716d6d74754b355738674a37645a3943734554564f7a725646786e332b4c55747372772f4339746e5651392f634874785a3350677a75363650583367704b72373741763861414e6c6b5071375a436c6157524f7432654b5a41716e7a71314a3636345546384d634239767250757276223b),
('a9si37mu35m325q3abpsv6mpkj86h32a', '::1', 1669881345, 0x5f5f63695f6c6173745f726567656e65726174657c693a313636393838313334313b7265646972656374696f6e7c4e3b5f5f4143544956455f53455353494f4e5f444154417c733a3235363a22323433623561313732663737346439663565373565396435616132323361653062376632316666626138326436663830396237313332316635386138343438623431656538333730343638623532666461343964313861653966633430353261383233336335666237616637393139663331346338363831666163313431386544652b5a663363565a6b5976774f2b5350716d6d74754b355738674a37645a3943734554564f7a725646786e332b4c55747372772f4339746e5651392f634874785a3350677a75363650583367704b72373741763861414e6c6b5071375a436c6157524f7432654b5a41716e7a71314a3636345546384d634239767250757276223b),
('pjgid2n18gnmljkg0ckuf63j07gg8p8f', '::1', 1669948230, 0x5f5f63695f6c6173745f726567656e65726174657c693a313636393934383233303b7265646972656374696f6e7c4e3b5f5f4143544956455f53455353494f4e5f444154417c733a3235363a22376336323661393134303434336539306430383965376566653634313237316332363962343232373539306630346333653437656237376232313932306464393136303638333930383231653163353532366437333039346536386438353530646235386563346336666265393335666232323435653338373161383539663146475a62735976713452344f594c764b6431795051636f537a6372717a66375046767950502b562b6146335a736a6e50725a7379384d744766305849612f766439354a713051794e672f3546466452684d7873635a6b58446652696667705950556979634655444c5a6274305538624c6f486471556a6f797163463969657173223b),
('be3laouoilqtgvj98ia1ts3nuso1lueg', '::1', 1669948582, 0x5f5f63695f6c6173745f726567656e65726174657c693a313636393934383538323b7265646972656374696f6e7c4e3b5f5f4143544956455f53455353494f4e5f444154417c733a3235363a22376336323661393134303434336539306430383965376566653634313237316332363962343232373539306630346333653437656237376232313932306464393136303638333930383231653163353532366437333039346536386438353530646235386563346336666265393335666232323435653338373161383539663146475a62735976713452344f594c764b6431795051636f537a6372717a66375046767950502b562b6146335a736a6e50725a7379384d744766305849612f766439354a713051794e672f3546466452684d7873635a6b58446652696667705950556979634655444c5a6274305538624c6f486471556a6f797163463969657173223b),
('6or98sefc3l419vo81mni5ilt4542mtc', '::1', 1669949462, 0x5f5f63695f6c6173745f726567656e65726174657c693a313636393934393436323b7265646972656374696f6e7c4e3b5f5f4143544956455f53455353494f4e5f444154417c733a3235363a22376336323661393134303434336539306430383965376566653634313237316332363962343232373539306630346333653437656237376232313932306464393136303638333930383231653163353532366437333039346536386438353530646235386563346336666265393335666232323435653338373161383539663146475a62735976713452344f594c764b6431795051636f537a6372717a66375046767950502b562b6146335a736a6e50725a7379384d744766305849612f766439354a713051794e672f3546466452684d7873635a6b58446652696667705950556979634655444c5a6274305538624c6f486471556a6f797163463969657173223b),
('hn3ta621jrf4dc207hfmsn3s167v6k0t', '::1', 1669949850, 0x5f5f63695f6c6173745f726567656e65726174657c693a313636393934393835303b7265646972656374696f6e7c4e3b5f5f4143544956455f53455353494f4e5f444154417c733a3235363a22376336323661393134303434336539306430383965376566653634313237316332363962343232373539306630346333653437656237376232313932306464393136303638333930383231653163353532366437333039346536386438353530646235386563346336666265393335666232323435653338373161383539663146475a62735976713452344f594c764b6431795051636f537a6372717a66375046767950502b562b6146335a736a6e50725a7379384d744766305849612f766439354a713051794e672f3546466452684d7873635a6b58446652696667705950556979634655444c5a6274305538624c6f486471556a6f797163463969657173223b),
('078df4pss59crg2gs8cmp0842j9grsec', '::1', 1669950638, 0x5f5f63695f6c6173745f726567656e65726174657c693a313636393935303633383b7265646972656374696f6e7c4e3b5f5f4143544956455f53455353494f4e5f444154417c733a3235363a22376336323661393134303434336539306430383965376566653634313237316332363962343232373539306630346333653437656237376232313932306464393136303638333930383231653163353532366437333039346536386438353530646235386563346336666265393335666232323435653338373161383539663146475a62735976713452344f594c764b6431795051636f537a6372717a66375046767950502b562b6146335a736a6e50725a7379384d744766305849612f766439354a713051794e672f3546466452684d7873635a6b58446652696667705950556979634655444c5a6274305538624c6f486471556a6f797163463969657173223b),
('rb5q7k6pvmr4okuhpgdhivhlvv757a3t', '::1', 1669950953, 0x5f5f63695f6c6173745f726567656e65726174657c693a313636393935303935333b7265646972656374696f6e7c4e3b5f5f4143544956455f53455353494f4e5f444154417c733a3235363a22376336323661393134303434336539306430383965376566653634313237316332363962343232373539306630346333653437656237376232313932306464393136303638333930383231653163353532366437333039346536386438353530646235386563346336666265393335666232323435653338373161383539663146475a62735976713452344f594c764b6431795051636f537a6372717a66375046767950502b562b6146335a736a6e50725a7379384d744766305849612f766439354a713051794e672f3546466452684d7873635a6b58446652696667705950556979634655444c5a6274305538624c6f486471556a6f797163463969657173223b),
('4upd1sabodn5h8tl29n1j6o3nqr1i8en', '::1', 1669951396, 0x5f5f63695f6c6173745f726567656e65726174657c693a313636393935313339363b7265646972656374696f6e7c4e3b5f5f4143544956455f53455353494f4e5f444154417c733a3235363a22376336323661393134303434336539306430383965376566653634313237316332363962343232373539306630346333653437656237376232313932306464393136303638333930383231653163353532366437333039346536386438353530646235386563346336666265393335666232323435653338373161383539663146475a62735976713452344f594c764b6431795051636f537a6372717a66375046767950502b562b6146335a736a6e50725a7379384d744766305849612f766439354a713051794e672f3546466452684d7873635a6b58446652696667705950556979634655444c5a6274305538624c6f486471556a6f797163463969657173223b),
('cug577n721rouk4t9ebbafqou864qh8n', '::1', 1669951508, 0x5f5f63695f6c6173745f726567656e65726174657c693a313636393935313339363b7265646972656374696f6e7c4e3b5f5f4143544956455f53455353494f4e5f444154417c733a3235363a22376336323661393134303434336539306430383965376566653634313237316332363962343232373539306630346333653437656237376232313932306464393136303638333930383231653163353532366437333039346536386438353530646235386563346336666265393335666232323435653338373161383539663146475a62735976713452344f594c764b6431795051636f537a6372717a66375046767950502b562b6146335a736a6e50725a7379384d744766305849612f766439354a713051794e672f3546466452684d7873635a6b58446652696667705950556979634655444c5a6274305538624c6f486471556a6f797163463969657173223b),
('kdmkdueqb45q7kckeh9vscakoadhum15', '::1', 1669971134, 0x5f5f63695f6c6173745f726567656e65726174657c693a313636393937313133343b5f5f4143544956455f53455353494f4e5f444154417c733a3235363a2237323262373334656462343166326234386364363639656663383831333431366238336365633736376630316333663966363662626639313536343363333532346362623263373339373164626164343438666132633835316265623966356230393863386432613463323633633864616239626636663938346634363035336a736a39535135524344774d364458386c7230346d2b36303736325456432f7645576c75746d37613662663578633830756d724d2b766c6d68666d6c54683735596a51584e776c4b6f786d30665770344b3868734974543043646c387a5a31314a416e3674647735774755582b485444506b744c70713170786b4856482f7743223b),
('fm3it9bi247b9e2bnej6ralubo1jnkqa', '::1', 1669971460, 0x5f5f63695f6c6173745f726567656e65726174657c693a313636393937313436303b5f5f4143544956455f53455353494f4e5f444154417c733a3235363a2237323262373334656462343166326234386364363639656663383831333431366238336365633736376630316333663966363662626639313536343363333532346362623263373339373164626164343438666132633835316265623966356230393863386432613463323633633864616239626636663938346634363035336a736a39535135524344774d364458386c7230346d2b36303736325456432f7645576c75746d37613662663578633830756d724d2b766c6d68666d6c54683735596a51584e776c4b6f786d30665770344b3868734974543043646c387a5a31314a416e3674647735774755582b485444506b744c70713170786b4856482f7743223b),
('jocme100g0sun5tbsdo33odedfj4tdqe', '::1', 1669972228, 0x5f5f63695f6c6173745f726567656e65726174657c693a313636393937323232383b5f5f4143544956455f53455353494f4e5f444154417c733a3235363a2237323262373334656462343166326234386364363639656663383831333431366238336365633736376630316333663966363662626639313536343363333532346362623263373339373164626164343438666132633835316265623966356230393863386432613463323633633864616239626636663938346634363035336a736a39535135524344774d364458386c7230346d2b36303736325456432f7645576c75746d37613662663578633830756d724d2b766c6d68666d6c54683735596a51584e776c4b6f786d30665770344b3868734974543043646c387a5a31314a416e3674647735774755582b485444506b744c70713170786b4856482f7743223b),
('5bka4t19to9qad87n6o9rdkau0hf6v7c', '::1', 1669978135, 0x5f5f63695f6c6173745f726567656e65726174657c693a313636393937383133353b5f5f4143544956455f53455353494f4e5f444154417c733a3235363a2237323262373334656462343166326234386364363639656663383831333431366238336365633736376630316333663966363662626639313536343363333532346362623263373339373164626164343438666132633835316265623966356230393863386432613463323633633864616239626636663938346634363035336a736a39535135524344774d364458386c7230346d2b36303736325456432f7645576c75746d37613662663578633830756d724d2b766c6d68666d6c54683735596a51584e776c4b6f786d30665770344b3868734974543043646c387a5a31314a416e3674647735774755582b485444506b744c70713170786b4856482f7743223b),
('htrsb484ravfe0ot101a6okjls8la03u', '::1', 1669978441, 0x5f5f63695f6c6173745f726567656e65726174657c693a313636393937383434313b5f5f4143544956455f53455353494f4e5f444154417c733a3235363a2237323262373334656462343166326234386364363639656663383831333431366238336365633736376630316333663966363662626639313536343363333532346362623263373339373164626164343438666132633835316265623966356230393863386432613463323633633864616239626636663938346634363035336a736a39535135524344774d364458386c7230346d2b36303736325456432f7645576c75746d37613662663578633830756d724d2b766c6d68666d6c54683735596a51584e776c4b6f786d30665770344b3868734974543043646c387a5a31314a416e3674647735774755582b485444506b744c70713170786b4856482f7743223b),
('j71865tonsm8h0ifna8es765029t88oi', '::1', 1669979119, 0x5f5f63695f6c6173745f726567656e65726174657c693a313636393937393131393b5f5f4143544956455f53455353494f4e5f444154417c733a3235363a2237323262373334656462343166326234386364363639656663383831333431366238336365633736376630316333663966363662626639313536343363333532346362623263373339373164626164343438666132633835316265623966356230393863386432613463323633633864616239626636663938346634363035336a736a39535135524344774d364458386c7230346d2b36303736325456432f7645576c75746d37613662663578633830756d724d2b766c6d68666d6c54683735596a51584e776c4b6f786d30665770344b3868734974543043646c387a5a31314a416e3674647735774755582b485444506b744c70713170786b4856482f7743223b),
('4um84s7ukka0jsfara1slhicsd9arjd5', '::1', 1669979214, 0x5f5f63695f6c6173745f726567656e65726174657c693a313636393937393131393b5f5f4143544956455f53455353494f4e5f444154417c733a3235363a2237323262373334656462343166326234386364363639656663383831333431366238336365633736376630316333663966363662626639313536343363333532346362623263373339373164626164343438666132633835316265623966356230393863386432613463323633633864616239626636663938346634363035336a736a39535135524344774d364458386c7230346d2b36303736325456432f7645576c75746d37613662663578633830756d724d2b766c6d68666d6c54683735596a51584e776c4b6f786d30665770344b3868734974543043646c387a5a31314a416e3674647735774755582b485444506b744c70713170786b4856482f7743223b),
('6js55kj26ro8metpiuc1jtrukqjh8v3k', '::1', 1670289569, 0x5f5f63695f6c6173745f726567656e65726174657c693a313637303238393536393b5f5f4143544956455f53455353494f4e5f444154417c733a3235363a2261376333353564333738333037626436303033306633313233393234336233376333396661653138623462376466393761653962376338303937306264346561653437326539386665623335613139353130383130383635643438633531396533653261396465326338653665376238313430323065343635346332346563386a6a7257624d7870715a305956527a6c484961434d586556617138436772766431664471756f4d35764a4f3137643835652f64517048536638324c432f39786643366e4c314f39554d4f542f54644b534c66326d475035744831487431324372766431364e487558764a625570304b77584977372b64614f47346156594f3655223b),
('8uagvfgvgu51t5uainoh3sf8jv0rsvcq', '::1', 1670289969, 0x5f5f63695f6c6173745f726567656e65726174657c693a313637303238393936393b5f5f4143544956455f53455353494f4e5f444154417c733a3235363a2261376333353564333738333037626436303033306633313233393234336233376333396661653138623462376466393761653962376338303937306264346561653437326539386665623335613139353130383130383635643438633531396533653261396465326338653665376238313430323065343635346332346563386a6a7257624d7870715a305956527a6c484961434d586556617138436772766431664471756f4d35764a4f3137643835652f64517048536638324c432f39786643366e4c314f39554d4f542f54644b534c66326d475035744831487431324372766431364e487558764a625570304b77584977372b64614f47346156594f3655223b),
('ii6l8td2kkm9agd1gm4i225jq0ji9hr4', '::1', 1670290304, 0x5f5f63695f6c6173745f726567656e65726174657c693a313637303239303330343b5f5f4143544956455f53455353494f4e5f444154417c733a3235363a2261376333353564333738333037626436303033306633313233393234336233376333396661653138623462376466393761653962376338303937306264346561653437326539386665623335613139353130383130383635643438633531396533653261396465326338653665376238313430323065343635346332346563386a6a7257624d7870715a305956527a6c484961434d586556617138436772766431664471756f4d35764a4f3137643835652f64517048536638324c432f39786643366e4c314f39554d4f542f54644b534c66326d475035744831487431324372766431364e487558764a625570304b77584977372b64614f47346156594f3655223b),
('8s9qv4kt4te7sn66j25edm15pel6ub20', '::1', 1670290676, 0x5f5f63695f6c6173745f726567656e65726174657c693a313637303239303637363b5f5f4143544956455f53455353494f4e5f444154417c733a3235363a2261376333353564333738333037626436303033306633313233393234336233376333396661653138623462376466393761653962376338303937306264346561653437326539386665623335613139353130383130383635643438633531396533653261396465326338653665376238313430323065343635346332346563386a6a7257624d7870715a305956527a6c484961434d586556617138436772766431664471756f4d35764a4f3137643835652f64517048536638324c432f39786643366e4c314f39554d4f542f54644b534c66326d475035744831487431324372766431364e487558764a625570304b77584977372b64614f47346156594f3655223b),
('9rrpjchf35valjof03h3ec9e3tc30i2n', '::1', 1670291334, 0x5f5f63695f6c6173745f726567656e65726174657c693a313637303239313333343b7265646972656374696f6e7c733a35363a226148523063446f764c327876593246736147397a64433944623235325a584a7a5a533970626d526c6543357761484176595752746157343d223b),
('rgu9kvpo41q5fcfvjh31s5keeuaprava', '::1', 1670291016, 0x5f5f63695f6c6173745f726567656e65726174657c693a313637303239313031363b5f5f4143544956455f53455353494f4e5f444154417c733a3235363a2261376333353564333738333037626436303033306633313233393234336233376333396661653138623462376466393761653962376338303937306264346561653437326539386665623335613139353130383130383635643438633531396533653261396465326338653665376238313430323065343635346332346563386a6a7257624d7870715a305956527a6c484961434d586556617138436772766431664471756f4d35764a4f3137643835652f64517048536638324c432f39786643366e4c314f39554d4f542f54644b534c66326d475035744831487431324372766431364e487558764a625570304b77584977372b64614f47346156594f3655223b),
('4q3ud0bv5u3u8mgdqr3t40j1u4qvv8qh', '::1', 1670291866, 0x5f5f63695f6c6173745f726567656e65726174657c693a313637303239313836363b5f5f4143544956455f53455353494f4e5f444154417c733a3235363a2261376333353564333738333037626436303033306633313233393234336233376333396661653138623462376466393761653962376338303937306264346561653437326539386665623335613139353130383130383635643438633531396533653261396465326338653665376238313430323065343635346332346563386a6a7257624d7870715a305956527a6c484961434d586556617138436772766431664471756f4d35764a4f3137643835652f64517048536638324c432f39786643366e4c314f39554d4f542f54644b534c66326d475035744831487431324372766431364e487558764a625570304b77584977372b64614f47346156594f3655223b),
('fh5tc6ljvr867jj7v486u9q4gqsveiun', '::1', 1670291862, 0x5f5f63695f6c6173745f726567656e65726174657c693a313637303239313836323b7265646972656374696f6e7c733a35363a226148523063446f764c327876593246736147397a64433944623235325a584a7a5a533970626d526c6543357761484176595752746157343d223b),
('76cptbram081sm8sb7agohm184vhoo10', '::1', 1670292446, 0x5f5f63695f6c6173745f726567656e65726174657c693a313637303239323434363b7265646972656374696f6e7c733a35363a226148523063446f764c327876593246736147397a64433944623235325a584a7a5a533970626d526c6543357761484176595752746157343d223b),
('u32ba3g8iej6rel48241t6ubg4bbk9qv', '::1', 1670292233, 0x5f5f63695f6c6173745f726567656e65726174657c693a313637303239323233333b5f5f4143544956455f53455353494f4e5f444154417c733a3235363a2261376333353564333738333037626436303033306633313233393234336233376333396661653138623462376466393761653962376338303937306264346561653437326539386665623335613139353130383130383635643438633531396533653261396465326338653665376238313430323065343635346332346563386a6a7257624d7870715a305956527a6c484961434d586556617138436772766431664471756f4d35764a4f3137643835652f64517048536638324c432f39786643366e4c314f39554d4f542f54644b534c66326d475035744831487431324372766431364e487558764a625570304b77584977372b64614f47346156594f3655223b),
('jgkictoertv4pdh2c5rdjhuuckvscmtu', '::1', 1670292604, 0x5f5f63695f6c6173745f726567656e65726174657c693a313637303239323630343b5f5f4143544956455f53455353494f4e5f444154417c733a3235363a2261376333353564333738333037626436303033306633313233393234336233376333396661653138623462376466393761653962376338303937306264346561653437326539386665623335613139353130383130383635643438633531396533653261396465326338653665376238313430323065343635346332346563386a6a7257624d7870715a305956527a6c484961434d586556617138436772766431664471756f4d35764a4f3137643835652f64517048536638324c432f39786643366e4c314f39554d4f542f54644b534c66326d475035744831487431324372766431364e487558764a625570304b77584977372b64614f47346156594f3655223b),
('1agt1phvk62kdkqna50m0ok972sj2efv', '::1', 1670292758, 0x5f5f63695f6c6173745f726567656e65726174657c693a313637303239323735383b7265646972656374696f6e7c4e3b5f5f4143544956455f53455353494f4e5f444154417c733a3235363a2263663033343963643733343666623633613636393635323932353562623733323263643733396534343264373065663430366330656363626262343265633465333462386135383733643363646537323539346661636261316230623237663863316664346163383031626133626539613364623630353562306364616136384d446466386a354e305248464a51624e4f5858395368537178524e444d636f70754b316a302b314e42725337717a63785479436b3139586459365274706a472b46507967466c383557324a2f307164574459504c464a747459723965715a2b2b6a644f774d476965594478547a754d4c48542f6c534d50376f72516a4d495453223b),
('n9fuv2ssn0g2bokfqmnj0ajk68t7sssf', '::1', 1670293200, 0x5f5f63695f6c6173745f726567656e65726174657c693a313637303239333230303b5f5f4143544956455f53455353494f4e5f444154417c733a3235363a2261376333353564333738333037626436303033306633313233393234336233376333396661653138623462376466393761653962376338303937306264346561653437326539386665623335613139353130383130383635643438633531396533653261396465326338653665376238313430323065343635346332346563386a6a7257624d7870715a305956527a6c484961434d586556617138436772766431664471756f4d35764a4f3137643835652f64517048536638324c432f39786643366e4c314f39554d4f542f54644b534c66326d475035744831487431324372766431364e487558764a625570304b77584977372b64614f47346156594f3655223b),
('u320cnaoeodbang0pscqn4kv67r6u8cc', '::1', 1670292761, 0x5f5f63695f6c6173745f726567656e65726174657c693a313637303239323735383b7265646972656374696f6e7c4e3b5f5f4143544956455f53455353494f4e5f444154417c733a3235363a2263663033343963643733343666623633613636393635323932353562623733323263643733396534343264373065663430366330656363626262343265633465333462386135383733643363646537323539346661636261316230623237663863316664346163383031626133626539613364623630353562306364616136384d446466386a354e305248464a51624e4f5858395368537178524e444d636f70754b316a302b314e42725337717a63785479436b3139586459365274706a472b46507967466c383557324a2f307164574459504c464a747459723965715a2b2b6a644f774d476965594478547a754d4c48542f6c534d50376f72516a4d495453223b),
('nhi8l4mcgdei6gjefuaeice6c5deck7g', '::1', 1670295973, 0x5f5f63695f6c6173745f726567656e65726174657c693a313637303239353937333b5f5f4143544956455f53455353494f4e5f444154417c733a3235363a2261376333353564333738333037626436303033306633313233393234336233376333396661653138623462376466393761653962376338303937306264346561653437326539386665623335613139353130383130383635643438633531396533653261396465326338653665376238313430323065343635346332346563386a6a7257624d7870715a305956527a6c484961434d586556617138436772766431664471756f4d35764a4f3137643835652f64517048536638324c432f39786643366e4c314f39554d4f542f54644b534c66326d475035744831487431324372766431364e487558764a625570304b77584977372b64614f47346156594f3655223b),
('2pt93se85mkji0s6b50v4lh86l7iuse4', '::1', 1670296285, 0x5f5f63695f6c6173745f726567656e65726174657c693a313637303239363238353b5f5f4143544956455f53455353494f4e5f444154417c733a3235363a2261376333353564333738333037626436303033306633313233393234336233376333396661653138623462376466393761653962376338303937306264346561653437326539386665623335613139353130383130383635643438633531396533653261396465326338653665376238313430323065343635346332346563386a6a7257624d7870715a305956527a6c484961434d586556617138436772766431664471756f4d35764a4f3137643835652f64517048536638324c432f39786643366e4c314f39554d4f542f54644b534c66326d475035744831487431324372766431364e487558764a625570304b77584977372b64614f47346156594f3655223b),
('8f8o9g5d37hjgls89jus6jn24uj5s21s', '::1', 1670297717, 0x5f5f63695f6c6173745f726567656e65726174657c693a313637303239373731373b5f5f4143544956455f53455353494f4e5f444154417c733a3235363a2261376333353564333738333037626436303033306633313233393234336233376333396661653138623462376466393761653962376338303937306264346561653437326539386665623335613139353130383130383635643438633531396533653261396465326338653665376238313430323065343635346332346563386a6a7257624d7870715a305956527a6c484961434d586556617138436772766431664471756f4d35764a4f3137643835652f64517048536638324c432f39786643366e4c314f39554d4f542f54644b534c66326d475035744831487431324372766431364e487558764a625570304b77584977372b64614f47346156594f3655223b),
('dafoo6e59b88ggu336jebkiu5l9fivlm', '::1', 1670297720, 0x5f5f63695f6c6173745f726567656e65726174657c693a313637303239373731373b5f5f4143544956455f53455353494f4e5f444154417c733a3235363a2261376333353564333738333037626436303033306633313233393234336233376333396661653138623462376466393761653962376338303937306264346561653437326539386665623335613139353130383130383635643438633531396533653261396465326338653665376238313430323065343635346332346563386a6a7257624d7870715a305956527a6c484961434d586556617138436772766431664471756f4d35764a4f3137643835652f64517048536638324c432f39786643366e4c314f39554d4f542f54644b534c66326d475035744831487431324372766431364e487558764a625570304b77584977372b64614f47346156594f3655223b),
('ckcqudra0vn7dkl5lug8be4egiuedjq7', '::1', 1670379756, 0x5f5f63695f6c6173745f726567656e65726174657c693a313637303337393735363b7265646972656374696f6e7c4e3b5f5f4143544956455f53455353494f4e5f444154417c733a3235363a2232306234613834303131346139323731303737306534636161396365396134323936353238393239633738343566373439633162376438303830323438386636616635653934656235623334626364666239636437396533316465366437666137333135636537326630306239613937333839373436306466343132623762315a544467504e306f626c4355554231586d726678703358776a694b666b35316a706645774c374359386f69567553657a304a4574785177716c5363456e636230477263525644626b706a2b534b486c6d2b66442b486a4d637a6279507430467833764573574a66466a514f55376866434834632b5a446e7761784c4d696d5855223b),
('7rtbdpnbp7suo4tld20kn2sdkl5mumjm', '::1', 1670380057, 0x5f5f63695f6c6173745f726567656e65726174657c693a313637303338303035373b7265646972656374696f6e7c4e3b5f5f4143544956455f53455353494f4e5f444154417c733a3235363a22613638333630326238613038666561343230386464626464616161616330336133623831666638363839613265646261373663613166353433313935656230613931623635386331363765306164366233663062396337386237393332383232653834376462356437363437313137316230386236353563656334373430643855397952754132437a4f697632454c4d317478313251524c3634553971774445574c72304a78544468516978525038437637734d484a6c34313255446c2b7537716b2b51593451626b574f765561647874736e6a6e4a54694d7a354f53682f472b637677467950597a496b554c6a4435526a63364e56633366695976374b4169223b),
('a45cibs8ptqjk4cgp6gsii72umjvf0sb', '::1', 1670380676, 0x5f5f63695f6c6173745f726567656e65726174657c693a313637303338303637363b7265646972656374696f6e7c4e3b5f5f4143544956455f53455353494f4e5f444154417c733a3235363a22613638333630326238613038666561343230386464626464616161616330336133623831666638363839613265646261373663613166353433313935656230613931623635386331363765306164366233663062396337386237393332383232653834376462356437363437313137316230386236353563656334373430643855397952754132437a4f697632454c4d317478313251524c3634553971774445574c72304a78544468516978525038437637734d484a6c34313255446c2b7537716b2b51593451626b574f765561647874736e6a6e4a54694d7a354f53682f472b637677467950597a496b554c6a4435526a63364e56633366695976374b4169223b),
('1rlova99frei02jv2b717895f4t0i0hn', '::1', 1670382612, 0x5f5f63695f6c6173745f726567656e65726174657c693a313637303338323631323b7265646972656374696f6e7c4e3b5f5f4143544956455f53455353494f4e5f444154417c733a3235363a22613638333630326238613038666561343230386464626464616161616330336133623831666638363839613265646261373663613166353433313935656230613931623635386331363765306164366233663062396337386237393332383232653834376462356437363437313137316230386236353563656334373430643855397952754132437a4f697632454c4d317478313251524c3634553971774445574c72304a78544468516978525038437637734d484a6c34313255446c2b7537716b2b51593451626b574f765561647874736e6a6e4a54694d7a354f53682f472b637677467950597a496b554c6a4435526a63364e56633366695976374b4169223b),
('j19g85uuik0nej4vsj6n5ga61c3k16u9', '::1', 1670383038, 0x5f5f63695f6c6173745f726567656e65726174657c693a313637303338333033383b7265646972656374696f6e7c4e3b5f5f4143544956455f53455353494f4e5f444154417c733a3235363a22613638333630326238613038666561343230386464626464616161616330336133623831666638363839613265646261373663613166353433313935656230613931623635386331363765306164366233663062396337386237393332383232653834376462356437363437313137316230386236353563656334373430643855397952754132437a4f697632454c4d317478313251524c3634553971774445574c72304a78544468516978525038437637734d484a6c34313255446c2b7537716b2b51593451626b574f765561647874736e6a6e4a54694d7a354f53682f472b637677467950597a496b554c6a4435526a63364e56633366695976374b4169223b),
('em3ttolpfgftojj5hejd23e5vqjj4of0', '::1', 1670383435, 0x5f5f63695f6c6173745f726567656e65726174657c693a313637303338333433353b7265646972656374696f6e7c4e3b5f5f4143544956455f53455353494f4e5f444154417c733a3235363a22613638333630326238613038666561343230386464626464616161616330336133623831666638363839613265646261373663613166353433313935656230613931623635386331363765306164366233663062396337386237393332383232653834376462356437363437313137316230386236353563656334373430643855397952754132437a4f697632454c4d317478313251524c3634553971774445574c72304a78544468516978525038437637734d484a6c34313255446c2b7537716b2b51593451626b574f765561647874736e6a6e4a54694d7a354f53682f472b637677467950597a496b554c6a4435526a63364e56633366695976374b4169223b),
('jm6j3v6si5cqg4kf9p2o7r93pghu262b', '::1', 1670383780, 0x5f5f63695f6c6173745f726567656e65726174657c693a313637303338333738303b7265646972656374696f6e7c4e3b5f5f4143544956455f53455353494f4e5f444154417c733a3235363a22613638333630326238613038666561343230386464626464616161616330336133623831666638363839613265646261373663613166353433313935656230613931623635386331363765306164366233663062396337386237393332383232653834376462356437363437313137316230386236353563656334373430643855397952754132437a4f697632454c4d317478313251524c3634553971774445574c72304a78544468516978525038437637734d484a6c34313255446c2b7537716b2b51593451626b574f765561647874736e6a6e4a54694d7a354f53682f472b637677467950597a496b554c6a4435526a63364e56633366695976374b4169223b),
('o17ldok2jpv3rt24er1podpt6ffk8mq6', '::1', 1670384123, 0x5f5f63695f6c6173745f726567656e65726174657c693a313637303338343132333b7265646972656374696f6e7c4e3b5f5f4143544956455f53455353494f4e5f444154417c733a3235363a22613638333630326238613038666561343230386464626464616161616330336133623831666638363839613265646261373663613166353433313935656230613931623635386331363765306164366233663062396337386237393332383232653834376462356437363437313137316230386236353563656334373430643855397952754132437a4f697632454c4d317478313251524c3634553971774445574c72304a78544468516978525038437637734d484a6c34313255446c2b7537716b2b51593451626b574f765561647874736e6a6e4a54694d7a354f53682f472b637677467950597a496b554c6a4435526a63364e56633366695976374b4169223b),
('oecmria4vajicelhol410f4pusn66soc', '::1', 1670385439, 0x5f5f63695f6c6173745f726567656e65726174657c693a313637303338353433393b7265646972656374696f6e7c4e3b5f5f4143544956455f53455353494f4e5f444154417c733a3235363a22613638333630326238613038666561343230386464626464616161616330336133623831666638363839613265646261373663613166353433313935656230613931623635386331363765306164366233663062396337386237393332383232653834376462356437363437313137316230386236353563656334373430643855397952754132437a4f697632454c4d317478313251524c3634553971774445574c72304a78544468516978525038437637734d484a6c34313255446c2b7537716b2b51593451626b574f765561647874736e6a6e4a54694d7a354f53682f472b637677467950597a496b554c6a4435526a63364e56633366695976374b4169223b),
('6npvia3a7re8b6v4il41mm1tpt9umle5', '::1', 1670385772, 0x5f5f63695f6c6173745f726567656e65726174657c693a313637303338353737323b7265646972656374696f6e7c4e3b5f5f4143544956455f53455353494f4e5f444154417c733a3235363a22613638333630326238613038666561343230386464626464616161616330336133623831666638363839613265646261373663613166353433313935656230613931623635386331363765306164366233663062396337386237393332383232653834376462356437363437313137316230386236353563656334373430643855397952754132437a4f697632454c4d317478313251524c3634553971774445574c72304a78544468516978525038437637734d484a6c34313255446c2b7537716b2b51593451626b574f765561647874736e6a6e4a54694d7a354f53682f472b637677467950597a496b554c6a4435526a63364e56633366695976374b4169223b),
('2q14g137ru49gb0tq7dk5uko2lmuvano', '::1', 1670386162, 0x5f5f63695f6c6173745f726567656e65726174657c693a313637303338363136323b7265646972656374696f6e7c4e3b5f5f4143544956455f53455353494f4e5f444154417c733a3235363a22613638333630326238613038666561343230386464626464616161616330336133623831666638363839613265646261373663613166353433313935656230613931623635386331363765306164366233663062396337386237393332383232653834376462356437363437313137316230386236353563656334373430643855397952754132437a4f697632454c4d317478313251524c3634553971774445574c72304a78544468516978525038437637734d484a6c34313255446c2b7537716b2b51593451626b574f765561647874736e6a6e4a54694d7a354f53682f472b637677467950597a496b554c6a4435526a63364e56633366695976374b4169223b),
('qjnkj192mopmeuiepdu3g8bmq64338ko', '::1', 1670386670, 0x5f5f63695f6c6173745f726567656e65726174657c693a313637303338363637303b7265646972656374696f6e7c4e3b5f5f4143544956455f53455353494f4e5f444154417c733a3235363a22613638333630326238613038666561343230386464626464616161616330336133623831666638363839613265646261373663613166353433313935656230613931623635386331363765306164366233663062396337386237393332383232653834376462356437363437313137316230386236353563656334373430643855397952754132437a4f697632454c4d317478313251524c3634553971774445574c72304a78544468516978525038437637734d484a6c34313255446c2b7537716b2b51593451626b574f765561647874736e6a6e4a54694d7a354f53682f472b637677467950597a496b554c6a4435526a63364e56633366695976374b4169223b),
('tcq078p53j6a4oj8ja31ihmcir52sh6b', '::1', 1670386997, 0x5f5f63695f6c6173745f726567656e65726174657c693a313637303338363939373b7265646972656374696f6e7c4e3b5f5f4143544956455f53455353494f4e5f444154417c733a3235363a22616265343932363333373232303461666532303530636337306438333833396362363337663033633031313862336431383763636131396132633738383930623531356166663337326637383765386532663230633837343531653761396330666638636133303635303732393564363766666634386233663231666165326664552f61524d3936694a5863636733526d4243556d4363456a757a7956462b3776694569665137697654526c746c7244734d69343576504d73633031386b4b3742555863464832724c7468645937337a2f446733616c72343835616b2f3365634a506f357a65527265724c64766638656d436c5436586a42644a515346312f79223b),
('jjmhpbqo1qpirh1l97grsn1a6c24fqqm', '::1', 1670387329, 0x5f5f63695f6c6173745f726567656e65726174657c693a313637303338373332393b7265646972656374696f6e7c4e3b5f5f4143544956455f53455353494f4e5f444154417c733a3235363a22616265343932363333373232303461666532303530636337306438333833396362363337663033633031313862336431383763636131396132633738383930623531356166663337326637383765386532663230633837343531653761396330666638636133303635303732393564363766666634386233663231666165326664552f61524d3936694a5863636733526d4243556d4363456a757a7956462b3776694569665137697654526c746c7244734d69343576504d73633031386b4b3742555863464832724c7468645937337a2f446733616c72343835616b2f3365634a506f357a65527265724c64766638656d436c5436586a42644a515346312f79223b),
('3n2og65iavuhdm1ue94d0hubr8k27ivh', '::1', 1670387649, 0x5f5f63695f6c6173745f726567656e65726174657c693a313637303338373634393b7265646972656374696f6e7c4e3b5f5f4143544956455f53455353494f4e5f444154417c733a3235363a22616265343932363333373232303461666532303530636337306438333833396362363337663033633031313862336431383763636131396132633738383930623531356166663337326637383765386532663230633837343531653761396330666638636133303635303732393564363766666634386233663231666165326664552f61524d3936694a5863636733526d4243556d4363456a757a7956462b3776694569665137697654526c746c7244734d69343576504d73633031386b4b3742555863464832724c7468645937337a2f446733616c72343835616b2f3365634a506f357a65527265724c64766638656d436c5436586a42644a515346312f79223b),
('dv9umvq83ohbdgp5erftko8i0t0542ig', '::1', 1670387985, 0x5f5f63695f6c6173745f726567656e65726174657c693a313637303338373938353b7265646972656374696f6e7c4e3b5f5f4143544956455f53455353494f4e5f444154417c733a3235363a22616265343932363333373232303461666532303530636337306438333833396362363337663033633031313862336431383763636131396132633738383930623531356166663337326637383765386532663230633837343531653761396330666638636133303635303732393564363766666634386233663231666165326664552f61524d3936694a5863636733526d4243556d4363456a757a7956462b3776694569665137697654526c746c7244734d69343576504d73633031386b4b3742555863464832724c7468645937337a2f446733616c72343835616b2f3365634a506f357a65527265724c64766638656d436c5436586a42644a515346312f79223b),
('ak18suup03upqc5uqsel8rvke854h4hn', '::1', 1670389396, 0x5f5f63695f6c6173745f726567656e65726174657c693a313637303338393339363b7265646972656374696f6e7c4e3b5f5f4143544956455f53455353494f4e5f444154417c733a3235363a22616265343932363333373232303461666532303530636337306438333833396362363337663033633031313862336431383763636131396132633738383930623531356166663337326637383765386532663230633837343531653761396330666638636133303635303732393564363766666634386233663231666165326664552f61524d3936694a5863636733526d4243556d4363456a757a7956462b3776694569665137697654526c746c7244734d69343576504d73633031386b4b3742555863464832724c7468645937337a2f446733616c72343835616b2f3365634a506f357a65527265724c64766638656d436c5436586a42644a515346312f79223b),
('8kbfdq2io7pketkrs6tmt689jhj9v4jl', '::1', 1670394067, 0x5f5f63695f6c6173745f726567656e65726174657c693a313637303339343036373b7265646972656374696f6e7c4e3b5f5f4143544956455f53455353494f4e5f444154417c733a3235363a22616265343932363333373232303461666532303530636337306438333833396362363337663033633031313862336431383763636131396132633738383930623531356166663337326637383765386532663230633837343531653761396330666638636133303635303732393564363766666634386233663231666165326664552f61524d3936694a5863636733526d4243556d4363456a757a7956462b3776694569665137697654526c746c7244734d69343576504d73633031386b4b3742555863464832724c7468645937337a2f446733616c72343835616b2f3365634a506f357a65527265724c64766638656d436c5436586a42644a515346312f79223b),
('qdeq7pk97kmmql1q6ss5cntufsn3kejf', '::1', 1670394267, 0x5f5f63695f6c6173745f726567656e65726174657c693a313637303339343036373b7265646972656374696f6e7c4e3b5f5f4143544956455f53455353494f4e5f444154417c733a3235363a22616265343932363333373232303461666532303530636337306438333833396362363337663033633031313862336431383763636131396132633738383930623531356166663337326637383765386532663230633837343531653761396330666638636133303635303732393564363766666634386233663231666165326664552f61524d3936694a5863636733526d4243556d4363456a757a7956462b3776694569665137697654526c746c7244734d69343576504d73633031386b4b3742555863464832724c7468645937337a2f446733616c72343835616b2f3365634a506f357a65527265724c64766638656d436c5436586a42644a515346312f79223b);

-- --------------------------------------------------------

--
-- Table structure for table `contacts`
--

CREATE TABLE `contacts` (
  `id` int(10) NOT NULL,
  `parent_id` int(10) DEFAULT NULL,
  `name` varchar(32) NOT NULL,
  `subject` varchar(128) DEFAULT NULL,
  `email` varchar(64) NOT NULL,
  `message` mediumtext NOT NULL,
  `contact_date` datetime DEFAULT NULL,
  `status` tinyint(1) DEFAULT 1,
  `reply_at` datetime DEFAULT NULL
) ENGINE=InnoDB DEFAULT CHARSET=utf8mb4;

--
-- Dumping data for table `contacts`
--

INSERT INTO `contacts` (`id`, `parent_id`, `name`, `subject`, `email`, `message`, `contact_date`, `status`, `reply_at`) VALUES
(1, NULL, 'Krisna Mukti', 'Pengiriman kok lama?', 'krisnamukti@gmail.com', 'pengiriman pesanan saya kok lama ya', '2022-11-20 07:40:13', 2, NULL);

-- --------------------------------------------------------

--
-- Table structure for table `coupons`
--

CREATE TABLE `coupons` (
  `id` bigint(20) NOT NULL,
  `name` varchar(191) NOT NULL,
  `code` varchar(32) NOT NULL,
  `credit` decimal(8,2) NOT NULL,
  `start_date` date NOT NULL,
  `expired_date` date NOT NULL,
  `is_active` tinyint(4) DEFAULT 1
) ENGINE=InnoDB DEFAULT CHARSET=utf8mb4;

--
-- Dumping data for table `coupons`
--

INSERT INTO `coupons` (`id`, `name`, `code`, `credit`, `start_date`, `expired_date`, `is_active`) VALUES
(4, 'YESUS', 'TIDAKBERUBAH', '75000.00', '2022-11-20', '2022-11-30', 1),
(5, 'TUHANYESUS', '12MURIDYESUS', '100000.00', '2022-11-20', '2022-12-20', 1);

-- --------------------------------------------------------

--
-- Table structure for table `customers`
--

CREATE TABLE `customers` (
  `id` bigint(20) NOT NULL,
  `user_id` bigint(20) UNSIGNED DEFAULT NULL,
  `name` varchar(191) NOT NULL,
  `phone_number` varchar(32) DEFAULT NULL,
  `address` varchar(191) NOT NULL,
  `profile_picture` varchar(191) DEFAULT NULL
) ENGINE=InnoDB DEFAULT CHARSET=utf8mb4;

--
-- Dumping data for table `customers`
--

INSERT INTO `customers` (`id`, `user_id`, `name`, `phone_number`, `address`, `profile_picture`) VALUES
(6, 2, 'Krisna Mukti', '081235595153', 'Surabaya', 'agung.png'),
(7, 8, 'Yohanes', '0812335641607', 'Jakarta', 'agung.png');

-- --------------------------------------------------------

--
-- Table structure for table `orders`
--

CREATE TABLE `orders` (
  `id` bigint(20) NOT NULL,
  `user_id` bigint(20) UNSIGNED DEFAULT NULL,
  `coupon_id` bigint(20) DEFAULT NULL,
  `order_number` varchar(16) NOT NULL,
  `order_status` enum('1','2','3','4','5') DEFAULT '1',
  `order_date` datetime NOT NULL,
  `total_price` decimal(10,2) DEFAULT NULL,
  `total_items` int(10) DEFAULT NULL,
  `payment_method` int(11) DEFAULT 1,
  `delivery_data` text DEFAULT NULL,
  `delivered_date` datetime DEFAULT NULL,
  `finish_date` datetime DEFAULT NULL
) ENGINE=InnoDB DEFAULT CHARSET=utf8mb4;

--
-- Dumping data for table `orders`
--

INSERT INTO `orders` (`id`, `user_id`, `coupon_id`, `order_number`, `order_status`, `order_date`, `total_price`, `total_items`, `payment_method`, `delivery_data`, `delivered_date`, `finish_date`) VALUES
(15, 2, 5, 'RXZ291122125479', '4', '2022-11-29 00:14:30', '1044300.00', 1, 1, '{\"customer\":{\"name\":\"Krisna Mukti\",\"phone_number\":\"081235595153\",\"address\":\"Surabaya\"},\"note\":\"\"}', NULL, NULL),
(16, 2, 5, 'WKB61222225635', '4', '2022-12-06 09:11:25', '3218300.00', 2, 1, '{\"customer\":{\"name\":\"Krisna Mukti\",\"phone_number\":\"081235595153\",\"address\":\"Surabaya\"},\"note\":\"\"}', NULL, NULL);

-- --------------------------------------------------------

--
-- Table structure for table `order_items`
--

CREATE TABLE `order_items` (
  `id` bigint(20) NOT NULL,
  `order_id` bigint(20) DEFAULT NULL,
  `product_id` bigint(20) DEFAULT NULL,
  `order_qty` int(10) NOT NULL,
  `order_price` decimal(10,2) DEFAULT NULL
) ENGINE=InnoDB DEFAULT CHARSET=utf8mb4;

--
-- Dumping data for table `order_items`
--

INSERT INTO `order_items` (`id`, `order_id`, `product_id`, `order_qty`, `order_price`) VALUES
(1, 15, 3, 1, '1119300.00'),
(2, 16, 2, 1, '2199000.00'),
(3, 16, 3, 1, '1119300.00');

-- --------------------------------------------------------

--
-- Table structure for table `payments`
--

CREATE TABLE `payments` (
  `id` bigint(20) NOT NULL,
  `order_id` bigint(20) DEFAULT NULL,
  `payment_price` decimal(10,2) DEFAULT NULL,
  `payment_date` datetime NOT NULL,
  `picture_name` varchar(191) DEFAULT NULL,
  `payment_status` enum('1','2','3') DEFAULT '1',
  `confirmed_date` datetime DEFAULT NULL,
  `payment_data` text DEFAULT NULL
) ENGINE=InnoDB DEFAULT CHARSET=utf8mb4;

--
-- Dumping data for table `payments`
--

INSERT INTO `payments` (`id`, `order_id`, `payment_price`, `payment_date`, `picture_name`, `payment_status`, `confirmed_date`, `payment_data`) VALUES
(8, 15, '1.04', '2022-11-29 00:16:45', 'Bukti4.png', NULL, NULL, '{\"transfer_to\":\"bank-mandiri-xx\",\"source\":{\"bank\":\"Mandiri\",\"name\":\"Krisna Mukti\",\"number\":\"0701-2003-1994\"}}'),
(9, 16, '3.22', '2022-12-06 09:12:38', 'Bukti1.png', '2', NULL, '{\"transfer_to\":\"bank-mandiri-xx\",\"source\":{\"bank\":\"BNI\",\"name\":\"Krisna Mukti\",\"number\":\"31122001-070103\"}}');

-- --------------------------------------------------------

--
-- Table structure for table `products`
--

CREATE TABLE `products` (
  `id` bigint(20) NOT NULL,
  `category_id` int(10) DEFAULT NULL,
  `sku` varchar(32) DEFAULT NULL,
  `name` varchar(191) NOT NULL,
  `description` varchar(191) DEFAULT NULL,
  `picture_name` varchar(191) DEFAULT NULL,
  `price` decimal(10,2) NOT NULL,
  `current_discount` decimal(8,2) DEFAULT 0.00,
  `stock` int(10) NOT NULL,
  `product_unit` varchar(32) DEFAULT NULL,
  `is_available` tinyint(1) DEFAULT 1,
  `add_date` datetime DEFAULT NULL
) ENGINE=InnoDB DEFAULT CHARSET=utf8mb4;

--
-- Dumping data for table `products`
--

INSERT INTO `products` (`id`, `category_id`, `sku`, `name`, `description`, `picture_name`, `price`, `current_discount`, `stock`, `product_unit`, `is_available`, `add_date`) VALUES
(1, 1, 'CT202201', 'Chuck 70 At-Cx Future', 'MODEL ANEH TEBAL BAGIAN BAWAH', 'product_01.jpg', '1599000.00', '0.00', 7, 'Kg', 1, '2022-08-10 15:02:52'),
(2, 1, 'CN202202', 'RUN STAR HIKE', 'COCOK BUAT SULTAN', 'product_02.jpg', '2199000.00', '0.00', 5, 'Pcs', 1, '2022-08-10 15:03:40'),
(3, 1, 'CT202203', 'At-Cx Future', '70AN DENGAN KONSEP MASA DEPAN', 'product_03.jpg', '1599000.00', '479700.00', 8, 'Pcs', 1, '2022-08-10 19:36:30'),
(4, 1, 'CT202204', 'RUN STAR HIKE Unisex', 'SEMUA GENDER DENGAN TIPE KHUSUS UNTUK RUNNING', 'product_04.jpg', '1599000.00', '0.00', 5, 'Pcs', 1, '2022-08-10 19:36:51'),
(5, 1, 'CT202205', 'Aeon Active Cx Desert', 'BERLARI TANPA HENTI MENGEJAR MIMPI', 'product_05.jpg', '2199000.00', '0.00', 5, 'Pcs', 1, '2022-08-10 19:38:05'),
(6, 1, 'CT202206', 'RUN STAR HIKE Sneakers', 'BERLARI DENGAN PENUH GAYA MENGGODA WANITA DAN PRIA', 'product_06.jpg', '1599000.00', '0.00', 10, 'Pcs', 1, '2022-08-10 15:13:51'),
(7, 2, 'CN202207', 'Chuck Taylor Alt', 'SEPATU TAHUN 70 COCOK UNTUK COWOK MACAM DYLAN', 'product_07.jpg', '1199000.00', '359700.00', 10, 'Pcs', 1, '2022-11-20 14:37:14'),
(8, 2, 'CN202208', 'Chuck 70 Ox Unisex', 'MODEL 70AN COCOK SEMUA GENDER', 'product_08.jpg', '999000.00', '0.00', 15, 'Pcs', 1, '2022-11-20 14:37:14'),
(9, 2, 'CN202209', 'CANVAS PLATFO', 'COCOK BAGI WANITA YANG SUKA SNEAKER PUTIH BISA DI CUSTOM SENDIRI', 'product_09.jpg', '1099000.00', '0.00', 10, 'Pcs', 1, '2022-11-20 14:50:26'),
(10, 2, 'CN202210', 'CHUCK 70 PAINT', 'BERCORAK CORAK MACAM RAWRRR', 'product_10.jpg', '1200000.00', '389700.00', 4, 'Pcs', 1, '2022-11-20 15:20:58'),
(11, 2, 'CN202211', 'Run Star Hike Millen', 'PINK GIRL WAJIB PUNYA', 'product_11.jpg', '1350000.00', '0.00', 3, 'Pcs', 1, '2022-11-20 15:20:58'),
(12, 2, 'CN202212', 'Run Star Motion', 'HITAM PEKAT NIGERIA', 'product_12.jpg', '1400000.00', '0.00', 6, 'Pcs', 1, '2022-11-20 15:25:22');

-- --------------------------------------------------------

--
-- Table structure for table `product_category`
--

CREATE TABLE `product_category` (
  `id` int(10) NOT NULL,
  `name` varchar(191) NOT NULL
) ENGINE=InnoDB DEFAULT CHARSET=utf8mb4;

--
-- Dumping data for table `product_category`
--

INSERT INTO `product_category` (`id`, `name`) VALUES
(1, 'Converse Trend'),
(2, 'Converse New');

-- --------------------------------------------------------

--
-- Table structure for table `reviews`
--

CREATE TABLE `reviews` (
  `id` bigint(20) NOT NULL,
  `user_id` bigint(20) UNSIGNED DEFAULT NULL,
  `order_id` bigint(20) DEFAULT NULL,
  `title` varchar(191) DEFAULT NULL,
  `review_text` mediumtext NOT NULL,
  `review_date` datetime NOT NULL,
  `status` tinyint(1) NOT NULL DEFAULT 1
) ENGINE=InnoDB DEFAULT CHARSET=utf8mb4;

--
-- Dumping data for table `reviews`
--

INSERT INTO `reviews` (`id`, `user_id`, `order_id`, `title`, `review_text`, `review_date`, `status`) VALUES
(4, 2, 16, 'Nyaman', 'Sip', '2022-12-07 11:20:59', 1);

-- --------------------------------------------------------

--
-- Table structure for table `settings`
--

CREATE TABLE `settings` (
  `id` int(10) NOT NULL,
  `key` varchar(32) NOT NULL,
  `content` text NOT NULL
) ENGINE=InnoDB DEFAULT CHARSET=utf8mb4;

--
-- Dumping data for table `settings`
--

INSERT INTO `settings` (`id`, `key`, `content`) VALUES
(1, 'current_theme_name', 'Converse'),
(2, 'store_name', 'Converse'),
(3, 'store_phone_number', '(+62) 812-3559-5153'),
(4, 'store_email', 'converse@gmail.com'),
(5, 'store_tagline', 'Converse for comfort'),
(6, 'store_logo', 'Logo.jpg'),
(7, 'max_product_image_size', '20000'),
(8, 'store_description', 'Belanja Online untuk Sepatu, Pakaian & Aksesoris Converse untuk Pria, Wanita dan Anak-Anak'),
(9, 'store_address', 'Boston, Massachusetts, U.S.'),
(10, 'min_shop_to_free_shipping_cost', '1500000'),
(11, 'shipping_cost', '25000'),
(12, 'payment_banks', '{\"bank-mandiri-xx\":{\"bank\":\"BANK MANDIRI\",\"number\":\"2408-1994-2004\",\"name\":\"Muhammad Daniel Krisna Halim Putra\"},\"bank-bni\":{\"bank\":\"BANK BNI\",\"number\":\"3108-1994-2004\",\"name\":\"Muhammad Daniel Krisna Halim Putra\"},\"bank-jatim\":{\"bank\":\"BANK JATIM\",\"number\":\"1008-2001-2003\",\"name\":\"Muhammad Daniel Krisna Halim Putra\"}}');

-- --------------------------------------------------------

--
-- Table structure for table `users`
--

CREATE TABLE `users` (
  `id` bigint(20) UNSIGNED NOT NULL,
  `name` varchar(50) COLLATE utf8mb4_unicode_ci DEFAULT NULL,
  `email` varchar(191) COLLATE utf8mb4_unicode_ci NOT NULL,
  `email_verified_at` timestamp NULL DEFAULT NULL,
  `username` varchar(16) COLLATE utf8mb4_unicode_ci NOT NULL,
  `password` varchar(191) COLLATE utf8mb4_unicode_ci NOT NULL,
  `profile_picture` varchar(128) COLLATE utf8mb4_unicode_ci DEFAULT NULL,
  `role` varchar(32) COLLATE utf8mb4_unicode_ci DEFAULT '0' COMMENT '1 = admin, 2 = customer',
  `register_date` datetime DEFAULT NULL
) ENGINE=InnoDB DEFAULT CHARSET=utf8mb4 COLLATE=utf8mb4_unicode_ci;

--
-- Dumping data for table `users`
--

INSERT INTO `users` (`id`, `name`, `email`, `email_verified_at`, `username`, `password`, `profile_picture`, `role`, `register_date`) VALUES
(1, 'Admin Converse', 'admin@local.test', NULL, 'admin', '$2y$10$Brm3RNWFKvZ1e0ej1vBz9.QbFMW21q0l/iDSt5aDOoGj9zlLFuxh6', 'agung1.png', 'admin', NULL),
(2, 'Customer Converse', 'customer@local.test', NULL, 'customer', '$2y$10$6C/A5Yy1gt4yhStWDWN1M.isBaznzDc.MZJdIj7UddW3.qIX5vDvK', NULL, 'customer', '2020-03-29 08:14:30'),
(8, NULL, 'martinms.za@gmail.com', NULL, 'test', '$2y$10$gj4QxFnTj0dlpwJvT4aJiOM5UW6uCt7MdafC6VrnqsKDi0/JKmsLS', NULL, 'customer', '2021-05-07 10:25:08');

--
-- Indexes for dumped tables
--

--
-- Indexes for table `ci_sessions`
--
ALTER TABLE `ci_sessions`
  ADD KEY `ci_sessions_timestamp` (`timestamp`);

--
-- Indexes for table `contacts`
--
ALTER TABLE `contacts`
  ADD PRIMARY KEY (`id`),
  ADD KEY `FK_contacts_contacts` (`parent_id`);

--
-- Indexes for table `coupons`
--
ALTER TABLE `coupons`
  ADD PRIMARY KEY (`id`);

--
-- Indexes for table `customers`
--
ALTER TABLE `customers`
  ADD PRIMARY KEY (`id`),
  ADD KEY `FK_customers_users` (`user_id`);

--
-- Indexes for table `orders`
--
ALTER TABLE `orders`
  ADD PRIMARY KEY (`id`),
  ADD KEY `FK_orders_users` (`user_id`),
  ADD KEY `FK_orders_coupons` (`coupon_id`);

--
-- Indexes for table `order_items`
--
ALTER TABLE `order_items`
  ADD PRIMARY KEY (`id`),
  ADD KEY `order_id` (`order_id`),
  ADD KEY `product_id` (`product_id`);

--
-- Indexes for table `payments`
--
ALTER TABLE `payments`
  ADD PRIMARY KEY (`id`),
  ADD KEY `order_id` (`order_id`);

--
-- Indexes for table `products`
--
ALTER TABLE `products`
  ADD PRIMARY KEY (`id`),
  ADD KEY `FK_products_product_category` (`category_id`);

--
-- Indexes for table `product_category`
--
ALTER TABLE `product_category`
  ADD PRIMARY KEY (`id`);

--
-- Indexes for table `reviews`
--
ALTER TABLE `reviews`
  ADD PRIMARY KEY (`id`),
  ADD KEY `FK_reviews_users` (`user_id`),
  ADD KEY `FK_reviews_orders` (`order_id`);

--
-- Indexes for table `settings`
--
ALTER TABLE `settings`
  ADD PRIMARY KEY (`id`) USING BTREE;

--
-- Indexes for table `users`
--
ALTER TABLE `users`
  ADD PRIMARY KEY (`id`) USING BTREE,
  ADD UNIQUE KEY `users_email_unique` (`email`) USING BTREE;

--
-- AUTO_INCREMENT for dumped tables
--

--
-- AUTO_INCREMENT for table `contacts`
--
ALTER TABLE `contacts`
  MODIFY `id` int(10) NOT NULL AUTO_INCREMENT, AUTO_INCREMENT=3;

--
-- AUTO_INCREMENT for table `coupons`
--
ALTER TABLE `coupons`
  MODIFY `id` bigint(20) NOT NULL AUTO_INCREMENT, AUTO_INCREMENT=6;

--
-- AUTO_INCREMENT for table `customers`
--
ALTER TABLE `customers`
  MODIFY `id` bigint(20) NOT NULL AUTO_INCREMENT, AUTO_INCREMENT=8;

--
-- AUTO_INCREMENT for table `orders`
--
ALTER TABLE `orders`
  MODIFY `id` bigint(20) NOT NULL AUTO_INCREMENT, AUTO_INCREMENT=17;

--
-- AUTO_INCREMENT for table `order_items`
--
ALTER TABLE `order_items`
  MODIFY `id` bigint(20) NOT NULL AUTO_INCREMENT, AUTO_INCREMENT=4;

--
-- AUTO_INCREMENT for table `payments`
--
ALTER TABLE `payments`
  MODIFY `id` bigint(20) NOT NULL AUTO_INCREMENT, AUTO_INCREMENT=10;

--
-- AUTO_INCREMENT for table `products`
--
ALTER TABLE `products`
  MODIFY `id` bigint(20) NOT NULL AUTO_INCREMENT, AUTO_INCREMENT=20;

--
-- AUTO_INCREMENT for table `product_category`
--
ALTER TABLE `product_category`
  MODIFY `id` int(10) NOT NULL AUTO_INCREMENT, AUTO_INCREMENT=9;

--
-- AUTO_INCREMENT for table `reviews`
--
ALTER TABLE `reviews`
  MODIFY `id` bigint(20) NOT NULL AUTO_INCREMENT, AUTO_INCREMENT=5;

--
-- AUTO_INCREMENT for table `settings`
--
ALTER TABLE `settings`
  MODIFY `id` int(10) NOT NULL AUTO_INCREMENT, AUTO_INCREMENT=13;

--
-- AUTO_INCREMENT for table `users`
--
ALTER TABLE `users`
  MODIFY `id` bigint(20) UNSIGNED NOT NULL AUTO_INCREMENT, AUTO_INCREMENT=9;

--
-- Constraints for dumped tables
--

--
-- Constraints for table `contacts`
--
ALTER TABLE `contacts`
  ADD CONSTRAINT `FK_contacts_contacts` FOREIGN KEY (`parent_id`) REFERENCES `contacts` (`id`) ON DELETE CASCADE ON UPDATE NO ACTION;

--
-- Constraints for table `customers`
--
ALTER TABLE `customers`
  ADD CONSTRAINT `FK_customers_users` FOREIGN KEY (`user_id`) REFERENCES `users` (`id`) ON DELETE NO ACTION ON UPDATE CASCADE;

--
-- Constraints for table `orders`
--
ALTER TABLE `orders`
  ADD CONSTRAINT `FK_orders_coupons` FOREIGN KEY (`coupon_id`) REFERENCES `coupons` (`id`) ON DELETE SET NULL ON UPDATE CASCADE,
  ADD CONSTRAINT `FK_orders_users` FOREIGN KEY (`user_id`) REFERENCES `users` (`id`) ON DELETE NO ACTION ON UPDATE CASCADE;

--
-- Constraints for table `order_items`
--
ALTER TABLE `order_items`
  ADD CONSTRAINT `order_items_ibfk_1` FOREIGN KEY (`order_id`) REFERENCES `orders` (`id`) ON DELETE CASCADE ON UPDATE NO ACTION,
  ADD CONSTRAINT `order_items_ibfk_2` FOREIGN KEY (`product_id`) REFERENCES `products` (`id`) ON DELETE CASCADE ON UPDATE NO ACTION;
COMMIT;

/*!40101 SET CHARACTER_SET_CLIENT=@OLD_CHARACTER_SET_CLIENT */;
/*!40101 SET CHARACTER_SET_RESULTS=@OLD_CHARACTER_SET_RESULTS */;
/*!40101 SET COLLATION_CONNECTION=@OLD_COLLATION_CONNECTION */;
